"","VVD","CDA","PVV","D66","SP","GL","PvdA","CU","50+","PvdD","SGP","FvD","DENK"
"'s-Gravenhage",67595,19853,45242,51649,17614,39242,21784,6134,7850,13785,1638,5781,19263
"'s-Hertogenbosch",21683,9241,13810,13484,10198,10218,4724,850,2760,3116,140,1532,2107
"Aa en Hunze",4268,1740,1681,2163,1937,1534,1830,345,612,546,58,246,3
"Aalburg",1327,1362,1229,294,444,165,149,931,154,148,1954,100,7
"Aalsmeer",6764,2392,2351,2100,915,1116,828,798,655,505,129,476,115
"Aalten",3324,4255,1657,1707,2217,1137,793,814,506,311,117,183,107
"Achtkarspelen",2013,4106,2872,903,1948,788,1085,1767,487,282,277,348,5
"Alblasserdam",1907,1467,1728,797,915,618,684,1112,349,245,1955,212,210
"Albrandswaard",4499,1761,2716,1647,1018,861,742,443,563,430,204,473,156
"Alkmaar",15040,5858,7236,9455,5821,8686,4933,1077,2245,3242,139,1344,1281
"Almelo",7503,6518,7520,4049,4595,2734,2389,1378,1265,886,216,688,1855
"Almere",22822,7151,17134,13311,9527,10890,6535,2859,5029,4251,274,2522,3120
"Alphen-Chaam",2051,1425,799,671,614,329,183,44,219,154,13,104,13
"Alphen aan den Rijn",17829,9099,7957,8216,4464,5420,3213,3064,1942,1965,1900,1526,1245
"Ameland",715,613,265,261,174,173,240,54,75,69,8,80,0
"Amersfoort",20255,9192,8611,14970,6766,11847,5408,6585,1988,3373,910,1404,3414
"Amstelveen",13926,4016,4410,8936,2741,5338,3438,1029,1603,1911,191,880,399
"Amsterdam",70249,13562,31260,86410,29326,90572,38279,6833,8904,27553,687,5707,31512
"Apeldoorn",22460,12862,11773,12410,8364,8902,5995,4938,3307,3063,3308,1691,2010
"Appingedam",889,1033,1095,605,1431,559,673,317,270,161,24,98,85
"Arnhem",15398,6093,10622,14765,9036,13047,5784,2180,2087,4658,221,1369,3268
"Assen",6993,4834,4193,5221,5050,4355,3851,3536,1152,1299,332,681,215
"Asten",2942,2201,1320,1026,1304,586,366,51,383,214,17,172,10
"Baarle-Nassau",1044,918,726,313,413,214,126,23,167,117,9,67,8
"Baarn",4438,1764,1529,2394,931,1413,862,586,417,593,192,298,246
"Barendrecht",7715,3570,4699,3008,1784,1848,1331,1235,1061,737,1294,787,621
"Barneveld",6384,6880,3557,1728,1159,973,698,4232,729,402,8136,481,373
"Bedum",854,1446,503,682,885,664,546,828,138,186,97,85,0
"Beek",2040,1824,2138,1232,1213,636,397,65,524,276,12,272,45
"Beemster",2277,723,652,759,308,451,401,44,159,227,19,151,12
"Beesel",1566,1262,1759,804,1019,493,326,40,445,184,13,141,89
"Bellingwedde",821,555,1123,402,1069,411,551,163,223,271,16,119,1
"Berg en Dal",4717,3009,3567,2630,3487,2398,1361,180,746,844,38,309,37
"Bergeijk",3057,2631,1575,0,1386,575,393,93,422,252,33,204,6
"Bergen (L)",1598,1537,1589,589,1699,372,244,38,318,165,11,120,8
"Bergen (NH)",6202,2091,2236,2654,1212,2180,1376,222,630,1203,35,438,15
"Bergen op Zoom",9557,4213,6878,4113,4243,3170,1681,417,1628,989,63,610,1744
"Berkelland",6702,6099,2995,3408,3834,1973,2017,419,782,575,80,382,69
"Bernheze",4835,3845,2237,2077,2901,988,641,108,555,275,21,281,43
"Best",4878,2477,2356,2258,2194,1210,697,403,800,412,39,279,225
"Beuningen",4201,2107,2461,2010,2094,1293,814,146,628,345,23,263,50
"Beverwijk",5187,1834,3773,2634,2323,2232,1383,279,1002,846,39,565,796
"Binnenmaas",4847,2706,2943,1665,1278,929,1147,901,654,567,1169,463,13
"Bladel",3309,2424,1661,1189,1781,677,448,75,554,261,22,217,3
"Blaricum",2733,763,609,917,301,350,336,121,187,214,35,221,47
"Bloemendaal",6038,1511,842,2742,462,1268,799,214,237,638,38,255,16
"Bodegraven-Reeuwijk",5952,3516,2554,2056,878,1243,787,1488,525,386,1772,394,247
"Boekel",1585,1563,862,562,969,256,179,26,170,111,8,89,2
"Borger-Odoorn",3280,2197,2520,1524,2434,1087,1490,652,612,469,124,338,0
"Borne",3420,3576,1639,1839,1506,952,775,233,347,248,33,245,53
"Borsele",2752,2459,1650,1026,1129,665,635,507,491,359,2399,252,4
"Boxtel",4274,2511,2306,2487,2676,1588,930,160,569,463,18,266,194
"Breda",30141,10498,12759,16528,10498,11567,5325,1102,2771,3719,158,1788,2132
"Brielle",3160,1202,1964,1069,953,604,605,151,419,329,50,352,16
"Bronckhorst",6323,5227,2253,2850,2272,1486,1467,512,734,592,225,326,25
"Brummen",3199,1712,1669,1671,1506,1152,1073,246,487,406,57,214,267
"Brunssum",2235,1953,4611,1262,3224,949,739,223,955,577,45,322,88
"Bunnik",2505,1494,798,1700,462,1362,685,328,206,310,161,136,14
"Bunschoten",2040,3342,1775,342,310,258,169,3428,242,98,1015,223,95
"Buren",4801,2077,3020,1567,1096,780,913,465,569,406,886,356,12
"Capelle aan den IJssel",7854,3435,6439,4040,3224,2909,2203,1584,1536,1323,2016,860,502
"Castricum",7082,2815,1997,3616,1715,2686,1732,297,682,987,45,480,28
"Coevorden",5123,3839,3229,2100,2646,1333,1987,582,840,465,174,381,19
"Cranendonck",3211,2329,2300,1193,1629,548,425,89,597,336,18,242,13
"Cromstrijen",2267,1176,1350,755,619,427,468,309,324,222,583,183,2
"Cuijk",3275,2182,1980,1759,3059,1114,631,97,440,372,8,182,475
"Culemborg",3673,1682,2316,2299,1269,2201,1149,504,488,657,175,271,770
"Dalfsen",3620,5958,1462,1574,1258,800,797,1653,461,306,456,235,3
"Dantumadiel",1173,3118,1703,597,1484,551,698,1249,320,202,663,152,3
"De Bilt",7620,2923,2378,4603,1650,3247,1703,999,586,1124,893,393,234
"De Fryske Marren",7265,7443,3636,3164,3055,2205,2333,1037,958,755,360,612,53
"De Marne",864,1105,828,457,902,574,542,521,172,269,81,97,1
"De Ronde Venen",9331,3921,3294,3435,1170,1916,1211,914,811,812,446,612,207
"De Wolden",4452,3024,1527,1592,1200,959,1117,600,572,388,180,286,3
"Delft",10780,4509,6965,12300,4055,8702,3950,1920,1590,2348,324,1032,1142
"Delfzijl",1975,2080,2401,1190,2540,1028,1322,797,723,345,86,235,268
"Den Helder",7297,4026,6459,2921,2783,2144,1877,1083,1793,1086,288,996,97
"Deurne",5185,3884,2891,1812,2764,1081,636,89,770,370,25,310,39
"Deventer",11349,6266,6522,9095,6379,7337,5123,1632,1810,2218,189,780,2279
"Diemen",3112,932,1826,2267,1148,2313,1295,269,591,678,16,297,352
"Dinkelland",4452,6560,1975,1466,1093,594,554,92,374,186,28,205,7
"Doesburg",1354,824,1054,877,1078,629,486,152,237,248,21,103,271
"Doetinchem",7576,4976,4485,4517,4459,2881,2291,815,1018,869,356,464,508
"Dongen",4114,2165,2135,1845,1935,1101,791,212,548,355,54,237,326
"Dongeradeel",1909,4556,1702,1019,1589,901,827,1190,396,382,213,289,3
"Dordrecht",12694,6402,10893,7101,6478,6342,3925,3237,2221,2715,2121,1172,3123
"Drechterland",3929,1833,1510,1497,878,812,650,139,447,352,27,321,3
"Drimmelen",4836,2327,2897,1770,1966,1040,720,145,689,448,47,296,15
"Dronten",6477,4515,2957,2243,1851,1617,1044,1754,793,569,383,523,282
"Druten",3024,1525,1674,1442,1565,777,582,69,445,249,20,200,208
"Duiven",4219,2345,2132,2053,1770,1298,859,253,643,431,36,303,57
"Echt-Susteren",3262,3994,4623,1761,2580,1064,659,107,1034,601,22,361,47
"Edam-Volendam",5517,5251,5212,1657,866,1219,895,157,678,622,45,1470,73
"Ede",13614,10686,7450,6581,3571,4585,2730,7348,1573,1610,9171,1100,1532
"Eemnes",1906,804,640,800,344,374,342,170,185,207,56,150,8
"Eemsmond",1259,1731,1124,738,1667,763,960,1018,272,316,140,122,1
"Eersel",3343,2454,1310,1344,1437,661,454,88,430,266,23,171,5
"Eijsden-Margraten",3414,3491,2393,2020,1615,1176,820,104,756,482,17,410,2
"Eindhoven",24122,10882,15850,20279,14599,15240,6620,1986,4506,5050,250,2139,4343
"Elburg",2357,2865,1523,719,738,437,378,2661,334,206,2280,140,2
"Emmen",9869,9455,12418,5367,10227,4304,5627,1953,3008,1412,328,1518,324
"Enkhuizen",2598,1158,1496,1356,1246,1027,802,245,412,462,164,223,162
"Enschede",15236,11163,14331,12362,10653,8574,5837,3231,2124,2551,376,1690,2774
"Epe",5077,3280,2592,2060,1600,1171,1364,1127,755,559,893,312,364
"Ermelo",3646,3574,1642,1321,924,978,604,2217,416,442,1201,295,68
"Etten-Leur",6841,3541,4172,2624,2863,1909,1065,242,913,561,51,403,539
"Ferwerderadiel",780,1491,565,346,571,328,338,410,185,146,54,91,4
"Franekeradeel",2268,2758,1446,1122,1363,1045,1028,562,429,342,61,222,11
"Geertruidenberg",3362,1695,2554,1165,1825,801,582,127,523,287,42,303,24
"Geldermalsen",4408,2308,2860,1505,969,917,731,435,555,337,1745,363,57
"Geldrop-Mierlo",5312,3377,3703,3008,3240,1961,1059,299,875,724,31,397,236
"Gemert-Bakel",4271,3691,2843,1710,2963,1067,581,68,614,391,23,280,13
"Gennep",2276,1520,1376,1109,2325,693,511,83,281,284,11,168,64
"Giessenlanden",2508,1738,1062,677,622,393,503,1022,244,177,688,172,7
"Gilze en Rijen",3903,2256,2356,1816,1975,1161,694,90,714,365,30,311,472
"Goeree-Overflakkee",6179,4105,4954,1687,2102,1098,1376,2330,956,659,5644,603,8
"Goes",4676,3434,2576,2328,2436,1866,1391,1144,721,733,1514,358,121
"Goirle",3719,2018,1917,2036,2015,1275,733,86,549,359,7,261,80
"Gooise Meren",12179,3252,2636,6511,1624,3221,2091,598,896,1405,140,706,389
"Gorinchem",4546,2135,2883,2402,1909,1741,1340,1119,657,625,472,400,1075
"Gouda",7361,4400,5471,5750,3188,4660,2733,2721,1202,1558,1996,797,1735
"Grave",1831,1189,1129,912,1265,527,340,50,263,207,10,127,6
"Groningen",17696,8621,8723,25973,14152,24642,10438,5757,2181,6737,453,2220,501
"Grootegast",1063,2052,867,497,781,413,342,809,185,132,175,144,1
"Gulpen-Wittem",1703,1865,1784,922,1198,856,427,69,505,288,30,167,11
"Haaksbergen",3825,3916,1792,1736,1586,796,814,171,472,253,32,247,248
"Haaren",2546,1754,908,1034,911,622,341,73,324,203,16,104,9
"Haarlem",18447,5853,8998,17293,6753,15172,7512,1682,2658,5476,215,1637,3076
"Haarlemmerliede en Spaarnwoude",1126,421,452,474,215,346,214,44,119,145,8,88,19
"Haarlemmermeer",26485,9182,12096,10903,5128,6579,4462,2223,3305,2808,656,2070,1381
"Halderberge",4742,2496,3630,1497,2222,1006,630,146,715,376,33,286,233
"Hardenberg",6705,9959,4347,2661,3351,1551,1710,4936,1168,522,764,640,30
"Harderwijk",6649,4908,3172,2485,1635,1882,1210,2854,752,709,790,454,1147
"Hardinxveld-Giessendam",1832,1741,1319,443,616,292,417,1930,230,147,2360,161,20
"Haren",2946,1526,656,2301,854,1863,1165,766,241,564,75,196,8
"Harlingen",1841,1360,1334,864,1233,771,846,367,435,347,48,240,15
"Hattem",1512,1526,658,827,584,452,563,1342,169,132,180,92,21
"Heemskerk",6013,2663,3436,3048,2372,2300,1524,358,1011,808,51,600,378
"Heemstede",6481,1812,1064,3345,679,1634,1025,289,394,689,46,304,38
"Heerde",2233,2620,1528,902,928,509,697,1599,333,223,468,153,22
"Heerenveen",6259,4318,3120,3757,3781,2996,3378,1106,898,869,125,522,238
"Heerhugowaard",8572,3563,3992,4047,3061,2766,1949,658,1135,1059,69,688,504
"Heerlen",6541,4822,11773,4271,10213,3594,2044,390,2251,1881,83,932,678
"Heeze-Leende",3053,1829,1172,1321,1095,625,420,91,293,234,17,146,11
"Heiloo",4832,1771,1166,2553,881,1589,1197,238,382,689,53,301,17
"Hellendoorn",4622,7287,2498,2113,2239,1292,1063,1168,598,375,192,301,37
"Hellevoetsluis",5675,2118,5205,2025,2074,1360,1313,439,1217,792,100,739,331
"Helmond",10493,5272,10260,4777,7067,3532,1898,388,1805,1188,51,820,1501
"Hendrik-Ido-Ambacht",4414,2333,2536,1546,1127,852,763,1179,529,383,2441,373,167
"Hengelo",9521,8438,6180,6532,6599,4113,3182,1240,1181,1328,143,873,1015
"het Bildt",1092,1386,731,497,822,457,505,229,211,217,29,137,0
"Heumen",2708,1659,1064,1721,1224,1153,667,128,252,326,9,125,15
"Heusden",7289,4010,4415,2980,3121,1642,1105,300,933,652,63,457,414
"Hillegom",3870,1641,1820,1593,876,980,687,233,565,443,75,390,86
"Hilvarenbeek",2858,2093,944,1226,1200,673,434,75,299,226,9,112,4
"Hilversum",12464,4345,5470,9036,3704,6073,3314,1441,1800,2304,351,944,1169
"Hof van Twente",6210,5851,2466,2560,1956,1200,1458,318,590,354,108,346,126
"Hollands Kroon",8618,3887,4375,2936,2455,1867,1650,576,1233,820,174,859,15
"Hoogeveen",5385,6958,5307,2394,4292,1812,1993,2423,1194,582,693,720,147
"Hoogezand-Sappemeer",2832,1788,3050,1713,3753,1808,1907,820,900,576,73,300,497
"Hoorn",10073,3827,5432,5592,4212,4659,3166,695,1571,1728,109,955,692
"Horst aan de Maas",5720,5886,3433,2918,3652,1444,920,150,1049,510,24,426,30
"Houten",7958,3810,3147,4622,1827,3129,1734,1968,831,863,728,448,155
"Huizen",7431,3483,2803,3260,1457,1973,1358,1528,854,926,603,584,437
"Hulst",3540,2381,2804,1289,1903,882,855,130,833,422,56,241,19
"IJsselstein",5783,2634,2804,2996,1447,1630,1036,517,693,551,212,368,399
"Kaag en Braassem",5631,2722,2335,2171,930,1090,712,271,590,455,100,433,24
"Kampen",4543,6505,3769,2084,2626,1934,1373,4683,795,534,3630,475,378
"Kapelle",1812,1294,837,688,606,395,368,580,247,190,1087,139,5
"Katwijk",8212,8263,5907,2338,1803,1528,1181,3927,1146,843,3911,1079,178
"Kerkrade",3243,2775,7324,1617,4900,1350,1059,107,1217,816,22,460,145
"Koggenland",4982,2233,1630,1583,974,931,717,132,535,418,50,312,9
"Kollumerland en Nieuwkruisland",1131,2251,1089,472,835,413,394,606,241,149,149,158,0
"Korendijk",1546,922,1042,491,431,327,284,315,251,180,1315,158,3
"Krimpen aan den IJssel",3616,2009,2789,1619,1216,995,1040,1259,579,470,2690,387,84
"Krimpenerwaard",8934,4830,4630,3124,2191,2018,1883,2226,1019,1034,3433,708,276
"Laarbeek",3524,2400,2189,1383,2149,707,500,62,375,271,17,193,4
"Landerd",2598,1916,1301,1051,1659,479,360,63,298,169,10,131,2
"Landgraaf",3429,2730,6130,1880,3884,1339,1011,153,1200,733,23,425,66
"Landsmeer",1958,546,1005,1026,633,728,577,66,249,308,23,188,41
"Langedijk",5163,2141,2025,2261,1270,1559,999,523,604,630,88,429,77
"Lansingerland",12033,5027,4877,4326,1585,2060,1473,2065,944,962,431,850,385
"Laren",3503,747,565,922,282,393,284,78,151,243,9,166,16
"Leek",2145,1969,1372,1234,1478,1090,994,1045,391,297,143,201,21
"Leerdam",2460,1666,1857,896,903,684,550,879,344,279,1124,198,862
"Leeuwarden",10422,7294,7221,9023,8194,8809,6964,2391,1913,3041,241,1487,334
"Leeuwarderadeel",1161,1317,650,673,784,518,744,323,204,201,29,117,6
"Leiden",13071,4818,8172,16305,5152,13179,5387,1916,1603,3692,268,1378,1631
"Leiderdorp",4493,2001,1958,2887,1089,1581,1219,415,526,531,183,388,239
"Leidschendam-Voorburg",12831,5351,5710,7001,2480,3744,2755,958,1443,1772,210,977,501
"Lelystad",8493,3825,7671,4147,4143,3796,2564,1590,1975,1670,333,921,1308
"Leudal",4646,4045,3715,3770,2474,966,633,129,990,513,46,511,19
"Leusden",5464,2968,1501,2896,1167,1770,1037,1186,490,596,376,395,73
"Lingewaal",1659,1241,1204,543,412,341,416,539,185,155,400,128,24
"Lingewaard",8125,4261,3774,4035,3353,2245,1496,289,1078,727,37,485,50
"Lisse",4332,2167,1740,1809,832,902,600,475,587,448,720,360,24
"Littenseradiel",1422,1795,502,688,636,638,628,225,173,209,40,77,2
"Lochem",6413,3651,1551,3464,1763,2160,1644,404,627,656,69,302,201
"Loon op Zand",3923,2094,2480,1369,1646,938,562,131,567,326,77,207,84
"Lopik",2199,1761,1438,566,438,339,268,724,250,170,727,139,69
"Loppersum",693,1303,551,534,946,723,519,625,186,232,120,58,2
"Losser",2900,3696,2338,1497,1436,668,583,136,508,213,15,228,44
"Maasdriel",3947,2852,3197,1148,1346,668,509,199,498,290,295,293,40
"Maasgouw",3083,2462,2908,1551,1831,782,503,94,775,432,21,342,11
"Maassluis",4519,2668,3388,1875,1381,1173,1086,754,786,557,171,381,1176
"Maastricht",10738,7169,12477,10145,7693,7441,3618,563,2800,2593,79,1575,672
"Marum",1264,1189,945,538,767,429,464,394,217,156,73,114,1
"Medemblik",7842,3983,3561,3058,2027,1707,1344,702,1066,818,239,639,159
"Meerssen",2525,2083,2273,1534,1436,909,525,71,613,347,14,262,8
"Meierijstad",12714,8712,6428,5240,6689,2962,1904,246,1568,944,48,680,817
"Menameradiel",1618,1737,849,924,972,760,885,333,250,215,48,136,3
"Menterwolde",1041,721,1376,632,1581,559,689,272,356,228,31,129,9
"Meppel",4590,2893,2159,2486,2396,1928,1614,1242,682,586,108,360,168
"Middelburg",5022,3405,2813,3128,3004,3072,2160,2031,818,1217,2449,461,375
"Midden-Delfland",4149,2431,1234,1662,484,841,536,514,284,293,77,297,44
"Midden-Drenthe",4555,3871,2466,2194,2422,1574,2007,902,807,523,215,411,9
"Mill en Sint Hubert",1685,1479,986,561,1444,326,234,46,239,114,12,84,6
"Moerdijk",5832,3276,4079,1892,2684,1253,933,587,891,598,141,399,111
"Molenwaard",3045,3261,1857,806,904,553,646,2648,347,265,4165,261,18
"Montferland",5486,4284,4015,2148,2744,1237,997,150,875,486,39,361,105
"Montfoort",2643,1504,1086,922,416,528,356,501,216,174,521,179,80
"Mook en Middelaar",1324,642,547,879,602,580,328,57,112,217,4,64,3
"Neder-Betuwe",2144,1582,2033,673,759,404,689,677,384,183,4618,188,53
"Nederweert",2494,2317,1844,1023,1205,501,355,46,498,203,14,185,2
"Neerijnen",1775,1134,1349,562,456,326,373,273,218,163,944,125,12
"Nieuwegein",8169,3965,6093,4540,3668,3201,2273,1000,1527,1148,233,668,684
"Nieuwkoop",5572,3186,2486,1746,932,1019,680,501,562,383,368,416,42
"Nijkerk",6043,4877,3363,2083,1244,1269,966,2835,668,464,1862,392,334
"Nijmegen",15952,7384,10613,21666,12451,22391,7004,1432,2018,5219,152,1377,2152
"Nissewaard",10560,4789,12359,4101,5464,3093,2879,1145,2904,1555,362,1360,432
"Noord-Beveland",1172,698,711,332,410,253,296,141,175,180,217,105,3
"Noordenveld",4441,2597,2270,2622,2062,2082,2180,851,643,617,98,313,1
"Noordoostpolder",6283,5647,3238,2184,2357,1346,1280,2261,713,523,1221,494,203
"Noordwijk",5578,1906,2102,1909,943,1174,764,276,592,520,79,499,70
"Noordwijkerhout",3487,1443,1390,1126,593,669,387,120,438,289,15,339,14
"Nuenen, Gerwen en Nederwetten",4432,2269,1508,2297,1591,1240,863,167,434,402,14,265,20
"Nunspeet",2836,2925,1810,791,692,509,387,2420,340,276,4396,209,37
"Nuth",1976,1836,1874,958,1301,646,411,41,511,310,14,231,5
"Oegstgeest",4531,1560,1056,3034,607,1547,1024,465,311,512,65,257,54
"Oirschot",3425,2383,1523,1282,1486,617,456,75,389,218,28,207,4
"Oisterwijk",5167,2438,1868,2094,1731,1293,639,128,543,387,21,236,58
"Oldambt",3260,2412,4525,1837,4682,1715,2211,849,952,666,113,440,12
"Oldebroek",1831,2863,1775,644,777,392,485,3018,322,164,2203,174,5
"Oldenzaal",4777,4277,2525,2680,2186,1350,980,165,529,351,28,333,335
"Olst-Wijhe",2539,2421,1113,1376,1089,937,990,267,403,321,70,115,58
"Ommen",2082,3739,936,1006,726,488,475,1289,275,169,209,161,3
"Onderbanken",785,733,1265,418,796,319,152,27,245,156,9,103,8
"Oost Gelre",4853,4780,1768,2316,2115,1119,920,114,749,296,39,261,73
"Oosterhout",8581,3952,5511,3836,3584,2428,1484,313,1168,778,36,554,980
"Ooststellingwerf",2798,2746,2196,1488,1950,1300,1418,669,559,549,136,356,8
"Oostzaan",1802,423,1114,666,432,495,496,107,284,260,27,158,30
"Opmeer",2286,1129,815,943,461,482,358,66,287,177,17,171,2
"Opsterland",3271,3195,1793,1886,2281,1610,1856,1397,501,485,267,254,9
"Oss",11543,7943,9159,5413,9615,3447,2212,320,1756,1122,42,850,1521
"Oud-Beijerland",3766,1846,2248,1548,1010,897,820,825,461,426,1418,379,17
"Oude IJsselstreek",5606,4707,3043,2755,3394,1538,1360,373,885,502,63,288,620
"Ouder-Amstel",2305,833,732,1431,407,878,671,156,288,327,85,155,51
"Oudewater",2004,1243,760,648,287,357,223,358,163,142,297,117,18
"Overbetuwe",7459,4543,3679,4078,2695,2222,1492,906,862,749,609,467,117
"Papendrecht",4653,2713,3048,1794,1620,1296,1009,1349,750,506,913,452,214
"Peel en Maas",6045,6327,4471,2525,2839,1291,821,98,1203,486,41,490,143
"Pekela",765,744,1791,372,1779,417,614,206,269,163,50,106,15
"Pijnacker-Nootdorp",9778,4114,4387,4424,1550,2288,1472,991,782,894,253,757,259
"Purmerend",10687,3826,9191,5407,4400,4177,3209,691,2474,1765,89,1112,553
"Putten",3560,3368,1836,818,619,471,369,2182,348,246,1916,208,38
"Raalte",5988,7112,1860,2861,1969,1444,1117,423,797,322,61,281,104
"Reimerswaal",1860,1555,1686,499,815,312,426,695,297,208,4484,200,69
"Renkum",5001,2524,1879,3518,1471,2439,1469,579,524,909,125,286,92
"Renswoude",670,709,363,124,103,62,53,290,71,45,670,67,3
"Reusel-De Mierden",2062,1606,1107,751,1152,359,278,39,331,148,14,105,2
"Rheden",5829,3091,3529,4016,3157,2868,2176,744,763,1151,132,370,322
"Rhenen",2521,1573,1663,1096,613,760,577,733,307,254,2002,232,124
"Ridderkerk",5385,3460,5273,2183,2233,1588,1351,1688,1263,764,2493,662,419
"Rijnwaarden",1447,958,1309,655,958,373,309,63,347,163,12,130,6
"Rijssen-Holten",3646,5043,2316,1268,1149,688,810,2824,444,233,5899,303,153
"Rijswijk",6852,3015,5507,4014,2009,2748,1752,621,1164,1171,114,692,517
"Roerdalen",2341,2135,3044,1148,1471,682,471,69,742,364,16,284,27
"Roermond",6169,3907,6169,3596,3753,2595,1325,227,1333,1069,27,902,1384
"Roosendaal",10749,5745,8177,4296,4867,4098,1753,365,1629,1001,71,751,1629
"Rotterdam",53382,18813,50759,42687,26830,37591,20627,7622,10835,12618,2323,5753,25710
"Rozendaal",456,115,61,197,17,85,65,24,21,40,5,16,0
"Rucphen",2718,1575,5396,721,1411,456,377,66,563,224,8,217,9
"Súdwest-Fryslân",10248,12420,5769,5164,5288,4145,3890,2094,1454,1401,289,993,100
"Schagen",9169,3545,3265,3658,2381,2433,1964,361,1059,1014,67,683,19
"Scherpenzeel",1418,1059,712,336,216,158,167,561,109,62,1281,123,10
"Schiedam",7120,3274,8339,4209,4008,3444,2397,706,1783,1397,211,894,3453
"Schiermonnikoog",207,138,52,126,79,149,102,50,12,58,8,9,0
"Schinnen",1548,1576,1441,1000,1132,591,341,69,443,306,20,170,7
"Schouwen-Duiveland",5613,3053,2872,1770,1828,1178,1242,1065,706,723,2149,468,4
"Simpelveld",1059,1154,1510,582,991,383,300,27,316,186,7,95,3
"Sint-Michielsgestel",4787,2821,2380,2368,2218,1309,826,136,523,427,18,276,17
"Sint Anthonis",1838,2070,688,684,1598,372,211,37,150,118,21,72,2
"Sittard-Geleen",8944,8609,12115,6130,7525,4576,2450,388,2745,1993,42,1141,570
"Sliedrecht",2411,1990,1998,899,1220,659,715,1652,439,332,2398,228,216
"Slochteren",1590,1250,1088,921,1314,782,777,881,297,269,122,135,3
"Sluis",3544,1881,2305,1032,1461,742,996,229,532,363,187,228,6
"Smallingerland",5075,6048,3982,3200,4445,2800,3103,3235,971,901,500,559,71
"Soest",8575,3414,3449,3805,1472,2334,1311,1073,810,992,481,512,1130
"Someren",3358,2349,1923,1082,1379,522,383,62,556,202,18,173,16
"Son en Breugel",3157,1702,1135,1471,901,754,447,126,371,311,17,161,12
"Stadskanaal",2310,3318,3150,1218,3250,990,1461,1865,742,345,279,345,7
"Staphorst",1095,1893,906,309,280,212,222,1771,136,111,3659,136,0
"Stede Broec",3383,1829,1998,1433,1361,882,709,175,624,383,52,287,51
"Steenbergen",3599,1830,3322,1164,1587,686,531,217,607,318,183,289,13
"Steenwijkerland",5924,5441,3455,2504,2620,1628,2028,1958,914,653,349,417,132
"Stein",2749,2348,3784,1484,2433,1010,573,80,1000,513,24,342,36
"Stichtse Vecht",11581,4789,5296,5675,2363,3263,2116,1341,1288,1254,826,743,360
"Strijen",1449,874,962,492,425,296,315,306,188,185,227,178,1
"Ten Boer",532,852,395,416,643,527,409,595,129,145,96,59,1
"Terneuzen",5634,4244,5351,2493,3349,1754,1723,1447,1356,708,1257,512,520
"Terschelling",1008,423,345,450,247,335,435,78,98,144,9,77,1
"Texel",2704,1310,963,1144,806,1003,776,210,271,373,72,179,1
"Teylingen",7594,3218,2414,3481,1219,1789,987,512,749,646,93,525,97
"Tholen",2455,1902,2475,712,1282,491,620,1019,419,277,3897,258,53
"Tiel",5488,2319,4179,2479,2091,1982,1468,509,903,681,201,550,1084
"Tilburg",24204,11174,16470,17903,13758,14456,5726,1001,3923,4236,175,1923,3971
"Tubbergen",3222,5749,1599,973,748,374,314,75,285,119,38,185,1
"Twenterand",2966,6200,3287,1065,2018,589,712,2003,573,214,977,242,5
"Tynaarlo",5283,2509,1761,3401,1861,2485,2181,986,573,702,70,284,9
"Tytsjerksteradiel",3099,5099,2216,1808,2130,1526,1611,1350,557,511,234,347,5
"Uden",6544,4026,3304,3020,3756,1644,1029,145,746,593,22,415,358
"Uitgeest",2715,980,862,1267,688,815,568,101,270,296,16,210,14
"Uithoorn",5717,1822,2286,2300,1084,1368,973,290,729,592,59,394,203
"Urk",210,1680,1304,58,78,29,19,1376,55,22,6635,199,9
"Utrecht",35248,11377,15157,46444,9995,42093,12030,5486,2952,9482,671,2430,11441
"Utrechtse Heuvelrug",8758,4025,2976,4669,1668,3136,1705,1337,792,1183,1297,555,305
"Vaals",783,711,989,376,662,315,257,30,242,174,4,100,4
"Valkenburg aan de Geul",2294,1843,2012,1243,1156,762,448,86,533,356,12,253,14
"Valkenswaard",4865,2927,3188,2051,2545,1227,883,187,910,464,23,347,19
"Veendam",2380,1702,2831,1561,3252,1183,1591,509,665,432,68,335,314
"Veenendaal",7465,5822,4689,2986,2414,2079,1273,5518,979,592,4202,642,1385
"Veere",3423,2561,1173,1198,917,811,791,873,360,425,2179,264,4
"Veldhoven",7045,3868,4032,3406,3697,1913,1174,342,1064,692,49,437,50
"Velsen",10211,3737,6947,5436,3447,3389,2595,993,1793,1537,122,1076,594
"Venlo",11199,7367,11672,5777,7004,4138,2285,330,2687,1456,68,1240,1936
"Venray",5798,4741,3358,2944,4265,1583,1035,175,833,431,45,386,506
"Vianen",2871,1666,1954,1360,908,870,737,390,434,353,356,214,206
"Vlaardingen",8036,4181,7869,4125,4057,3107,2488,1193,1731,1378,659,971,2433
"Vlagtwedde",1492,1591,1887,662,1650,563,753,322,452,309,83,164,2
"Vlieland",254,68,72,139,61,94,63,21,30,35,9,8,0
"Vlissingen",4741,2696,4049,2526,3159,2133,1700,831,1207,1003,507,581,396
"Voerendaal",1635,1473,1428,1007,1115,533,388,60,395,245,5,133,15
"Voorschoten",4911,1889,1604,2730,845,1518,999,382,339,574,52,323,105
"Voorst",4340,2960,1444,1994,1394,953,1003,313,544,319,301,210,58
"Vught",4933,1862,1577,2751,1749,1563,913,152,427,487,27,228,24
"Waalre",3263,1503,1165,1655,991,822,490,148,374,367,22,200,9
"Waalwijk",7118,3750,4562,2689,3180,1690,1042,738,1165,662,574,488,612
"Waddinxveen",3739,2319,2128,1613,951,979,755,1588,557,353,1427,304,300
"Wageningen",3232,1853,1418,5485,1678,4760,1775,1124,378,1040,233,270,92
"Wassenaar",6331,1843,1749,1694,508,742,500,215,359,474,70,493,36
"Waterland",3060,1689,1391,1484,746,1136,904,212,361,448,41,306,16
"Weert",6651,4493,5395,3389,3651,1765,1135,208,1452,691,34,708,735
"Weesp",2714,1119,1211,1836,827,1407,802,175,459,449,48,176,316
"Werkendam",3356,3116,2629,987,1216,615,576,1242,441,280,2093,258,11
"West Maas en Waal",3545,1893,1931,1158,1718,671,495,69,466,272,18,196,5
"Westerveld",3316,1775,1267,1348,1217,1093,1252,377,483,518,80,206,2
"Westervoort",1859,1202,1484,1186,1275,803,606,204,378,298,20,161,70
"Westland",21812,12452,11069,5116,2480,2624,1866,1921,1723,1349,1049,2053,517
"Weststellingwerf",3294,2668,2384,1453,2022,1247,1301,425,604,459,83,266,43
"Westvoorne",3392,1099,1591,945,519,389,497,149,353,338,49,280,7
"Wierden",3750,4853,1808,1222,945,600,508,1264,306,158,630,216,18
"Wijchen",6737,3592,3770,3340,3315,1892,1337,236,891,638,35,360,115
"Wijdemeren",5371,2043,1660,2005,812,1051,769,375,474,526,133,357,25
"Wijk bij Duurstede",4051,1983,2055,1838,1257,1336,813,478,391,420,390,299,68
"Winsum",1080,1579,585,875,1064,1128,984,861,208,348,107,110,0
"Winterswijk",4174,2835,1707,2279,2160,1572,1482,363,618,369,64,276,155
"Woensdrecht",3222,1790,2725,1053,1481,599,480,106,544,309,20,241,29
"Woerden",8462,5176,3312,4204,1694,2597,1720,1946,767,821,1238,567,444
"Wormerland",2694,1034,1255,1172,1046,1101,763,205,423,386,43,236,58
"Woudenberg",1736,1283,765,569,343,324,296,736,171,136,1612,105,16
"Woudrichem",1917,2002,1221,582,709,394,357,1331,227,184,455,161,1
"Zaanstad",17410,6510,13188,10379,9308,9214,6388,1676,3710,3706,363,1824,4538
"Zaltbommel",3489,2213,1957,1525,1189,974,776,1226,399,358,2520,287,160
"Zandvoort",3475,815,1769,1179,651,713,604,72,454,517,14,378,38
"Zederik",1729,1937,957,506,446,320,413,1096,173,139,1400,88,2
"Zeewolde",3713,1922,1743,1300,787,760,431,1158,365,364,226,326,49
"Zeist",9818,3753,3753,5963,2154,4496,2211,1472,860,1593,726,606,1001
"Zevenaar",4947,3262,2778,2487,2527,1511,1286,209,836,563,26,310,186
"Zoetermeer",17595,7424,12271,9200,5858,6209,4424,2088,3045,2601,813,1896,928
"Zoeterwoude",1450,946,613,766,329,467,278,97,189,191,44,129,22
"Zuidhorn",1726,2322,823,1316,1203,1236,902,1887,220,304,266,130,5
"Zuidplas",6951,3234,3451,2558,1650,1503,1156,1691,680,682,1934,596,247
"Zundert",3746,2364,2210,1090,1337,643,412,70,468,279,26,226,40
"Zutphen",4971,2799,2944,4137,3760,4005,2517,910,859,1689,109,371,553
"Zwartewaterland",1791,2742,1363,589,779,375,511,2334,258,145,2952,169,3
"Zwijndrecht",5416,3418,4630,2244,2375,1601,1301,1583,1088,731,1221,552,753
"Zwolle",14074,9060,6379,11912,6967,9374,5700,8334,1897,2727,798,1121,966
