Muni,VVD,CDA,PVV,D66,SP,GL,PvdA,CU,X50PLUS,PvdD,SGP,FvD,DENK,Urban_index,High_edu_perc,Mean_income,Dutch_perc,West_perc,Non_west_perc,Non_west,Perc_60plus
's-Hertogenbosch,0.231006893,0.098451999,0.147129327,0.14365618,0.10864771,0.108860786,0.050328671,0.009055751,0.029404558,0.033197319,0.001491536,0.01632166,0.02244761,2.423331802,0.37,26.2,,,,,0.118980913
Aa en Hunze,0.251606438,0.102576195,0.099098037,0.127512822,0.114189707,0.090432117,0.107881861,0.020338384,0.036078524,0.032187703,0.003419207,0.014502152,0.000176856,0.16646896,0.27,26.2,0.94,0.04,0.02,1,0.168551768
Aalburg,0.160575992,0.164811229,0.148717328,0.035575992,0.053727009,0.019966118,0.01803001,0.112657309,0.018635044,0.017909003,0.236447241,0.012100678,0.000847047,0.342769702,0.24,26,0.94,0.04,0.02,1,0.114257289
Aalsmeer,0.35332219,0.124947764,0.122806101,0.109694944,0.047795654,0.058295027,0.043251149,0.041684079,0.034214375,0.026379022,0.006738404,0.024864187,0.006007104,1.32036978,0.23,29,0.81,0.11,0.08,2,0.106492844
Aalten,0.194068192,0.248423634,0.096742177,0.099661373,0.129437179,0.066382532,0.046298459,0.047524521,0.02954227,0.018157403,0.00683092,0.01068426,0.006247081,1.088354898,0.19,23.8,0.88,0.08,0.04,1,0.132694938
Achtkarspelen,0.11924649,0.243232036,0.170132101,0.053492092,0.115396007,0.046679699,0.064273444,0.104673894,0.028849002,0.016705171,0.016408981,0.020614892,0.000296191,0.403370384,0.12,21.5,0.96,0.02,0.02,1,0.127523034
Alblasserdam,0.156324289,0.120255759,0.141650955,0.065333224,0.075006148,0.05065989,0.05607017,0.091155013,0.028608902,0.020083613,0.160259038,0.017378474,0.017214526,2.369130869,0.18,25.2,0.86,0.07,0.07,2,0.106407437
Albrandswaard,0.290014826,0.113517695,0.175078966,0.10616902,0.065622381,0.055501837,0.047830852,0.028556694,0.036292142,0.027718688,0.013150261,0.030490556,0.010056082,1.530864198,0.27,30.2,0.8,0.08,0.12,3,0.117267477
Alkmaar,0.226652802,0.088280061,0.109046521,0.142486851,0.087722471,0.130898021,0.074340311,0.01623039,0.03383215,0.04885694,0.00209473,0.02025408,0.01930467,2.896004429,0.3,24.8,0.78,0.09,0.13,3,0.129026603
Almelo,0.180377921,0.156697759,0.180786614,0.09734109,0.110467353,0.065727474,0.057433407,0.033128185,0.030411578,0.021300125,0.005192807,0.016540052,0.044595634,2.312732791,0.22,22.5,0.75,0.1,0.15,3,0.121814595
Almere,0.216476168,0.067830211,0.162523121,0.126260375,0.09036756,0.103296182,0.061987195,0.027118805,0.047702158,0.040322504,0.002599004,0.02392222,0.029594498,2.38460007,0.29,24.8,0.59,0.1,0.3,3,0.10037628
Alphen-Chaam,0.309865539,0.215289319,0.120713099,0.10137483,0.092763257,0.049705394,0.027647681,0.00664753,0.033086569,0.023266354,0.001964043,0.015712343,0.001964043,0,0.28,27.8,0.86,0.12,0.02,1,0.1426725
Alphen aan den Rijn,0.262809552,0.13412441,0.117290684,0.121108491,0.065801887,0.079893868,0.047361439,0.045165094,0.028626179,0.028965212,0.028007075,0.022494104,0.018352005,2.43936473,0.27,26.7,0.81,0.09,0.1,3,0.125556627
Ameland,0.262192886,0.224789146,0.097176384,0.095709571,0.063806381,0.063439677,0.088008801,0.01980198,0.02750275,0.02530253,0.002933627,0.029336267,0,0,0.28,22.7,0.93,0.05,0.02,1,0.139003578
Amersfoort,0.213834021,0.097040845,0.090907171,0.158039758,0.071429326,0.125069941,0.057092786,0.069518491,0.020987511,0.035609092,0.009606959,0.014822166,0.036041933,2.991123494,0.41,26.9,0.76,0.09,0.15,3,0.098220129
Amstelveen,0.285263632,0.082264738,0.090335532,0.183047237,0.056147323,0.109344914,0.070424843,0.021078291,0.032836249,0.039145397,0.003912491,0.018026138,0.008173215,3.290290066,0.43,29.7,0.59,0.19,0.22,3,0.108596322
Amsterdam,0.159347539,0.030763019,0.070907829,0.196005934,0.066520889,0.205446701,0.0868292,0.015499462,0.020197163,0.062499149,0.001558339,0.012945329,0.071479447,3.788955429,0.47,25.3,0.47,0.17,0.35,3,0.092732444
Apeldoorn,0.222193643,0.127241969,0.116468645,0.122770397,0.082743884,0.088066243,0.059307698,0.048850944,0.032715689,0.030301831,0.032725582,0.016728827,0.019884649,2.50390503,0.27,25.4,0.83,0.08,0.09,2,0.130217998
Appingedam,0.122790055,0.142679558,0.151243094,0.083563536,0.197651934,0.077209945,0.092955801,0.04378453,0.037292818,0.022237569,0.003314917,0.013535912,0.011740331,1.431077694,0.22,22.3,0.86,0.07,0.06,2,0.144098237
Arnhem,0.173933671,0.068825682,0.119984638,0.166783391,0.102069402,0.147377101,0.065335261,0.024624977,0.023574462,0.052616121,0.002496385,0.015464034,0.036914874,2.810404624,0.37,23.2,0.69,0.12,0.2,3,0.10474698
Assen,0.167649597,0.115889912,0.100522631,0.125167817,0.121068278,0.104406406,0.092323552,0.084771768,0.027617952,0.031142117,0.00795934,0.016326237,0.005154392,2.07357513,0.28,23.7,0.85,0.08,0.07,2,0.125075869
Asten,0.277756798,0.207798338,0.124622356,0.096865559,0.123111782,0.055324773,0.034554381,0.004814955,0.036159366,0.020203927,0.001604985,0.016238671,0.000944109,1.322561341,0.25,25.6,0.9,0.07,0.03,1,0.142096446
Baarle-Nassau,0.251869723,0.221471653,0.175150784,0.075512666,0.099638118,0.051628468,0.03039807,0.005548854,0.040289505,0.028226779,0.002171291,0.016164053,0.001930036,0.493993994,0.26,25.1,0.74,0.23,0.02,1,0.15817936
Baarn,0.28334291,0.112622103,0.097618592,0.152844283,0.059439443,0.090212603,0.055034157,0.037413012,0.026623252,0.037859925,0.012258188,0.019025729,0.015705803,2.376120619,0.34,29.2,0.83,0.09,0.08,2,0.135757675
Barendrecht,0.259851802,0.120242506,0.158268777,0.101313574,0.060087572,0.06224318,0.044829909,0.041596497,0.035735938,0.024823173,0.043583698,0.026507241,0.020916133,2.601779065,0.37,29.4,0.77,0.08,0.15,3,0.110354956
Barneveld,0.178663383,0.192544498,0.099546625,0.048360013,0.032435912,0.027230494,0.019534311,0.118437255,0.020401881,0.01125042,0.227695063,0.013461323,0.010438822,1.311158418,0.26,25.8,0.92,0.04,0.04,1,0.09942174
Bedum,0.123517501,0.209140874,0.07275094,0.09864044,0.128001157,0.096037026,0.078970205,0.119757015,0.019959502,0.026901938,0.014029505,0.012293896,0,0.854007634,0.32,24.3,0.93,0.04,0.03,1,0.146197156
Beemster,0.368267831,0.116933527,0.105450429,0.122755944,0.049814006,0.072941938,0.064855248,0.007116287,0.025715672,0.036713569,0.003072942,0.024421802,0.001940805,0.874049946,0.32,29.4,0.91,0.06,0.04,1,0.138403042
Beesel,0.192359661,0.155017811,0.216066822,0.098759366,0.125168898,0.060557671,0.040044221,0.004913401,0.054661589,0.022601646,0.001596855,0.01731974,0.010932318,0.967188665,0.16,24,0.84,0.11,0.05,2,0.145020515
Bellingwedde,0.143406114,0.096943231,0.196157205,0.070218341,0.186724891,0.071790393,0.096244541,0.028471616,0.038951965,0.047336245,0.00279476,0.020786026,0.000174672,0,0.23,22.6,0.89,0.08,0.03,1,0.178383227
Berg en Dal,0.202246709,0.129014278,0.152939159,0.112764224,0.149509068,0.102816962,0.058354414,0.007717704,0.031985594,0.036187454,0.001629293,0.013248724,0.001586417,0.768987342,0.26,,0.86,0.1,0.04,1,0.148314348
Bergeijk,0.287663499,0.247576927,0.148207396,0,0.130422509,0.054107462,0.036981274,0.008751294,0.039710172,0.023713183,0.003105298,0.019196387,0.0005646,0.585605234,0.25,26.6,0.9,0.08,0.02,1,0.135590448
Bergen (L.),0.19280888,0.185448842,0.191722973,0.071066602,0.204995174,0.04488417,0.029440154,0.004584942,0.038368726,0.019908301,0.00132722,0.014478764,0.000965251,0.309160305,0.16,24.1,0.85,0.13,0.02,1,0.156395571
Bergen (NH.),0.302625159,0.102029862,0.109105104,0.129501317,0.05913926,0.106372597,0.067141602,0.010832439,0.030740705,0.058700107,0.001707817,0.021372109,0.000731922,1.194369973,0.3,29.9,0.87,0.09,0.03,1,0.170955636
Bergen op Zoom,0.24314354,0.107184654,0.174986007,0.104640513,0.107947896,0.080649265,0.042767008,0.010609067,0.041418613,0.025161553,0.001602809,0.015519259,0.044369816,2.471059392,0.28,25,0.76,0.1,0.14,3,0.135572214
Berkelland,0.228464292,0.207908642,0.102096472,0.116175217,0.130697119,0.067257542,0.068757457,0.014283279,0.026657576,0.019601159,0.002727118,0.013021987,0.002352139,0.9032331,0.25,24.4,0.92,0.05,0.03,1,0.145530991
Bernheze,0.257085128,0.204445153,0.118945074,0.110437603,0.154251077,0.052533631,0.034083054,0.005742543,0.029510289,0.014622215,0.001116606,0.014941245,0.002286383,0.851619299,0.28,26.7,0.92,0.06,0.03,1,0.129445987
Best,0.26761027,0.13588984,0.129251701,0.123875357,0.120364275,0.066381391,0.038237876,0.022108844,0.043888523,0.022602589,0.002139566,0.015306122,0.012343647,1.959904044,0.31,27.6,0.85,0.09,0.07,2,0.1212817
Beuningen,0.255613021,0.128202008,0.149741406,0.12229997,0.127411013,0.078673563,0.049528445,0.00888348,0.038211135,0.020991786,0.001399452,0.016002434,0.003042288,1.449469131,0.29,26.3,0.88,0.07,0.05,2,0.137783197
Beverwijk,0.226575809,0.080111825,0.164810204,0.115057004,0.101472066,0.097497052,0.060411479,0.012187131,0.043768838,0.036954528,0.001703578,0.024680033,0.034770454,3.461802997,0.23,24.1,0.74,0.12,0.14,3,0.113488418
Binnenmaas,0.251374339,0.140338139,0.152629395,0.086349964,0.066279432,0.048179649,0.059485531,0.046727518,0.033917643,0.029405663,0.060626491,0.024012032,0.000674204,0.806662088,0.25,28.5,0.91,0.05,0.04,1,0.143362406
Bladel,0.262182077,0.192060851,0.131606053,0.094208066,0.141114016,0.053640757,0.035496395,0.005942477,0.043895095,0.020679819,0.001743127,0.017193566,0.000237699,1.041375872,0.21,26,0.9,0.07,0.03,1,0.127747595
Blaricum,0.399912204,0.111647644,0.089113257,0.134182031,0.044044483,0.051214516,0.049165935,0.01770559,0.027363184,0.031314018,0.005121452,0.032338308,0.006877378,1.490677134,0.34,39,0.81,0.11,0.07,2,0.16625821
Bloemendaal,0.400929615,0.100332005,0.055909695,0.182071713,0.030677291,0.084196547,0.053054449,0.014209827,0.015737052,0.042363878,0.00252324,0.016932271,0.001062417,1.49890495,0.4,41.8,0.82,0.13,0.05,2,0.140059581
Bodegraven-Reeuwijk,0.273052574,0.161299202,0.117166713,0.09432058,0.040278925,0.05702358,0.03610423,0.068263143,0.024084778,0.017708047,0.081291862,0.018075053,0.011331315,1.669433739,0.3,29.4,0.88,0.06,0.06,2,0.123825334
Boekel,0.248354748,0.244907552,0.135067377,0.088060169,0.151833281,0.040112817,0.028047634,0.004073958,0.026637418,0.017392667,0.001253526,0.013945472,0.000313381,0.62728146,0.21,25.4,0.92,0.06,0.02,1,0.120894949
Borger-Odoorn,0.196090154,0.131344533,0.15065463,0.091110181,0.145513242,0.064984755,0.089077539,0.038978896,0.036587553,0.028038501,0.007413164,0.020206851,0,0.189274448,0.24,23.9,0.94,0.04,0.02,1,0.156261092
Borne,0.230055159,0.240548904,0.110251581,0.123705099,0.101304991,0.064038746,0.052132383,0.015673349,0.023341854,0.016682362,0.00221983,0.01648056,0.003565182,1.784993418,0.31,26,0.89,0.07,0.05,2,0.130730423
Borsele,0.192071468,0.171621999,0.115159129,0.07160804,0.078796762,0.046412619,0.044318816,0.03538526,0.034268565,0.025055835,0.167434394,0.01758794,0.000279174,0.311150286,0.27,25.7,0.91,0.06,0.03,1,0.129099083
Boxtel,0.231753606,0.136156599,0.125040668,0.134855222,0.145103568,0.086107797,0.05042837,0.008675849,0.030853487,0.025105737,0.000976033,0.014423598,0.010519466,1.858727569,0.25,25.6,0.85,0.07,0.08,2,0.137400098
Breda,0.276558457,0.096324299,0.117070082,0.151652506,0.096324299,0.106132898,0.048859487,0.01011139,0.025425284,0.034123649,0.001449727,0.016405777,0.019562146,2.774108612,0.36,26.4,0.77,0.11,0.12,3,0.111209847
Brielle,0.290601435,0.1105389,0.180614309,0.09830789,0.087640243,0.055545338,0.0556373,0.013886334,0.038532279,0.030255656,0.004598124,0.032370793,0.0014714,1.243467933,0.3,28.3,0.87,0.09,0.05,2,0.143289966
Bronckhorst,0.260291454,0.21517372,0.092746583,0.117322575,0.093528734,0.061172402,0.060390252,0.021076898,0.030215709,0.024370163,0.009262309,0.013420056,0.001029145,0.40071409,0.21,25.9,0.94,0.04,0.02,1,0.154847569
Brummen,0.234204554,0.125338605,0.122190497,0.122336921,0.110256973,0.084339996,0.078556263,0.018010103,0.035654147,0.029723992,0.004173073,0.015667326,0.019547551,1.157314149,0.29,25.9,0.88,0.06,0.06,2,0.14297366
Brunssum,0.130070418,0.113658849,0.268346622,0.073444684,0.187627306,0.055229005,0.043007624,0.012977943,0.055578188,0.033579701,0.002618867,0.018739452,0.005121341,2.602044413,0.21,22.1,0.76,0.19,0.05,2,0.144509486
Bunnik,0.246530853,0.147032772,0.078535577,0.167306367,0.045467966,0.134041925,0.067414625,0.032280287,0.020273595,0.030508808,0.015844897,0.013384509,0.001377817,0.76055409,0.42,30.9,0.87,0.08,0.05,2,0.125164951
Bunschoten,0.152957937,0.25058109,0.133088401,0.025642948,0.023243608,0.01934468,0.012671515,0.257029317,0.01814501,0.007347979,0.076104071,0.016720402,0.007123041,1.861560419,0.24,26.1,0.9,0.05,0.05,2,0.104567079
Buren,0.283278263,0.122551333,0.178192117,0.092459287,0.064668397,0.04602313,0.053870663,0.027436866,0.033573283,0.023955629,0.052277555,0.021005428,0.000708048,0.066793169,0.28,27.4,0.92,0.06,0.02,1,0.140959466
Capelle aan den IJssel,0.207092947,0.0905735,0.169782465,0.106526038,0.085009888,0.076704021,0.058088332,0.041766645,0.040500989,0.034884641,0.053157548,0.022676335,0.013236651,3.19978922,0.28,25.5,0.66,0.11,0.23,3,0.134023878
Castricum,0.293104875,0.116505256,0.082650443,0.149656485,0.070979224,0.111166294,0.071682808,0.012292029,0.02822614,0.040849267,0.001862429,0.019865905,0.001158844,1.869639307,0.35,29.5,0.89,0.07,0.04,1,0.138630168
Coevorden,0.225504006,0.168984946,0.142133991,0.092437715,0.11647152,0.05867594,0.087463685,0.025618452,0.036975086,0.020468351,0.007659125,0.016770843,0.000836341,0.532011331,0.21,24,0.91,0.05,0.03,1,0.145723516
Cranendonck,0.2483372,0.180123743,0.177880897,0.092266048,0.125986079,0.042382057,0.032869296,0.006883217,0.046171694,0.025986079,0.001392111,0.018716164,0.001005414,0.719052224,0.24,25.8,0.84,0.12,0.04,1,0.146836912
Cromstrijen,0.261024755,0.135405872,0.155440415,0.086931491,0.071272309,0.049165227,0.05388601,0.035578584,0.037305699,0.025561313,0.067127231,0.021070812,0.000230282,0.944487881,0.3,28.3,0.93,0.04,0.03,1,0.149019301
Cuijk,0.210286375,0.140105304,0.127134969,0.112944651,0.196417105,0.071529472,0.040516245,0.006228329,0.028252215,0.023885964,0.000513677,0.011686144,0.030499551,1.090688259,0.22,24.5,0.81,0.1,0.1,3,0.133300939
Culemborg,0.210438868,0.096367595,0.132691647,0.131717658,0.072705397,0.126102899,0.065830182,0.028875902,0.027959207,0.037641801,0.010026355,0.015526527,0.044115962,2.269465375,0.31,25.8,0.77,0.09,0.14,3,0.122451909
Dalfsen,0.1948017,0.320615616,0.078674057,0.084701071,0.067696282,0.0430501,0.042888662,0.088952268,0.02480762,0.016466663,0.024538557,0.012645967,0.000161438,0.654312188,0.27,25.5,0.95,0.03,0.02,1,0.128428928
Dantumadiel,0.098463863,0.261730882,0.142953076,0.050113322,0.124569798,0.046251994,0.058591455,0.104843448,0.026861412,0.016956266,0.055653488,0.012759171,0.000251826,0.423746702,0.22,21.9,0.96,0.02,0.02,1,0.134357512
De Bilt,0.268754629,0.103093147,0.083871195,0.162346136,0.0581949,0.114520509,0.060064191,0.035234367,0.020668007,0.039643071,0.031495785,0.013860967,0.008253095,1.852466682,0.44,31.9,0.83,0.1,0.08,2,0.132993404
De Fryske Marren,0.220981871,0.226396155,0.110597396,0.096240419,0.09292493,0.067070203,0.070963621,0.031542767,0.029139798,0.022965081,0.010950237,0.018615403,0.001612118,0.697557193,0.23,,0.92,0.05,0.03,1,0.137733837
De Marne,0.134726337,0.172306253,0.12911274,0.0712615,0.140651801,0.089505692,0.084515827,0.081241229,0.026820521,0.041946047,0.012630594,0.015125526,0.000155933,0,0.21,22.6,0.94,0.04,0.02,1,0.158604282
De Ronde Venen,0.33230057,0.139636752,0.117307692,0.12232906,0.041666667,0.068233618,0.043126781,0.032549858,0.028881766,0.028917379,0.015883191,0.021794872,0.007371795,1.321720832,0.27,30.6,0.84,0.09,0.07,2,0.133947571
De Wolden,0.28,0.190188679,0.096037736,0.100125786,0.075471698,0.060314465,0.070251572,0.037735849,0.035974843,0.024402516,0.011320755,0.017987421,0.000188679,0.173473684,0.23,25.6,0.95,0.03,0.02,1,0.144710243
Delft,0.180820907,0.075632789,0.116829092,0.20631699,0.068017512,0.145965077,0.066256269,0.032205579,0.026670245,0.039384739,0.005434691,0.017310499,0.01915561,3.649141843,0.43,24.5,0.66,0.14,0.2,3,0.105118316
Delfzijl,0.131754503,0.138759173,0.160173449,0.079386258,0.169446298,0.068579053,0.088192128,0.053168779,0.048232155,0.023015344,0.005737158,0.015677118,0.017878586,0.878654385,0.14,22.4,0.82,0.08,0.1,3,0.143320649
Den Helder,0.222130898,0.122557078,0.196621005,0.08891933,0.084718417,0.065266362,0.057138508,0.032968037,0.054581431,0.033059361,0.008767123,0.030319635,0.002952816,2.597286683,0.19,23.1,0.8,0.1,0.1,3,0.140664049
Deurne,0.261130137,0.19560838,0.145598308,0.091257051,0.139202256,0.054441982,0.03203062,0.004482272,0.03877921,0.018634166,0.001259065,0.015612409,0.001964142,1.172769953,0.26,24.9,0.91,0.06,0.03,1,0.137350077
Deventer,0.186113252,0.102756687,0.106954853,0.149149707,0.104609784,0.12032011,0.084012529,0.026763312,0.02968235,0.036373178,0.003099428,0.012791289,0.037373522,2.409768379,0.34,24.1,0.79,0.09,0.13,3,0.111949242
Diemen,0.206147324,0.061738209,0.120959194,0.150172231,0.076046635,0.153219396,0.085784314,0.01781929,0.039149444,0.04491256,0.001059883,0.019674086,0.023317435,3.306818182,0.35,26.2,0.57,0.15,0.28,3,0.112056322
Dinkelland,0.253155919,0.373023996,0.112305243,0.083361765,0.062151712,0.033776868,0.031502331,0.005231434,0.021266917,0.010576595,0.001592176,0.011657,0.000398044,0.530868902,0.26,26,0.92,0.06,0.02,1,0.129286694
Doesburg,0.18461958,0.112353422,0.143714208,0.119580038,0.146986638,0.08576493,0.066266703,0.020725389,0.032315244,0.033815108,0.002863376,0.014044178,0.036951186,1.134920635,0.23,23.3,0.8,0.09,0.1,3,0.155453664
Doetinchem,0.215135596,0.141303422,0.1273605,0.128269203,0.126622178,0.081811728,0.065057504,0.023143547,0.028908136,0.024676984,0.010109328,0.013176203,0.014425671,1.627365102,0.26,24.3,0.86,0.07,0.07,2,0.131947852
Dongen,0.260083449,0.136869389,0.134972816,0.116639272,0.122328992,0.069604248,0.050006322,0.013402453,0.034644076,0.022442787,0.003413832,0.014982931,0.020609432,1.783614269,0.19,25.6,0.87,0.07,0.06,2,0.134658356
Dongeradeel,0.12747062,0.304220085,0.113648504,0.068042201,0.106103098,0.060162927,0.055221688,0.07946047,0.026442308,0.025507479,0.014222756,0.019297543,0.000200321,0.69958159,0.19,22.1,0.94,0.03,0.02,1,0.126772938
Dordrecht,0.185519701,0.093563662,0.159198527,0.103779376,0.094674383,0.092686777,0.057362914,0.047307962,0.032459371,0.03967906,0.030997895,0.017128493,0.04564188,3.229596564,0.28,24.2,0.7,0.11,0.18,3,0.119648617
Drechterland,0.316905953,0.147846427,0.121793838,0.120745281,0.070817874,0.065494435,0.052427811,0.011211486,0.036054202,0.028391676,0.002177771,0.025891273,0.000241975,0.445590511,0.23,26.4,0.9,0.07,0.03,1,0.14444903
Drimmelen,0.281228193,0.135322168,0.168469411,0.102930914,0.114328914,0.060479181,0.041870202,0.008432194,0.040067458,0.02605257,0.002733194,0.017213305,0.000872296,0.968005952,0.23,26.8,0.92,0.06,0.03,1,0.149168186
Dronten,0.258997121,0.180542226,0.118242163,0.089691299,0.074016315,0.064659309,0.041746641,0.070137556,0.031709853,0.022752719,0.015315099,0.020913308,0.011276392,1.109720177,0.25,25.3,0.84,0.07,0.08,2,0.11206008
Druten,0.256706282,0.129456706,0.142105263,0.122410866,0.132852292,0.065959253,0.049405772,0.005857385,0.037775891,0.021137521,0.001697793,0.016977929,0.017657046,1.071620894,0.3,25.1,0.88,0.06,0.06,2,0.130043635
Duiven,0.257271785,0.142996524,0.130007927,0.12519056,0.107933411,0.079151168,0.052381243,0.01542777,0.039209708,0.02628209,0.002195256,0.018476736,0.003475822,1.72992126,0.32,25.5,0.86,0.08,0.05,2,0.127529727
Echt-Susteren,0.162167537,0.19855829,0.229828486,0.087546607,0.128262491,0.052895849,0.032761621,0.005319413,0.051404425,0.0298782,0.001093711,0.017946806,0.002336565,0.886584983,0.28,24.9,0.83,0.13,0.04,1,0.161307559
Edam-Volendam,0.233158651,0.221916998,0.220268785,0.070027893,0.036598766,0.051517201,0.03782436,0.006635111,0.028653537,0.026286873,0.001901783,0.062124926,0.003085115,2.001396258,0.19,27.6,0.91,0.04,0.04,1,0.13622905
Ede,0.190269877,0.149348017,0.104121536,0.091976353,0.049908457,0.064080167,0.038154603,0.102695979,0.021984319,0.022501433,0.128174309,0.01537365,0.021411301,2.113373887,0.31,25.7,0.85,0.07,0.08,2,0.114855274
Eemnes,0.318409622,0.134313398,0.106916138,0.133645172,0.057467424,0.062479118,0.057133311,0.028399599,0.030905446,0.034580688,0.009355162,0.02505847,0.001336452,1.385555556,0.24,29,0.87,0.08,0.05,2,0.133459273
Eemsmond,0.124517852,0.171199684,0.111166057,0.072989813,0.164869944,0.075462368,0.094946098,0.100682425,0.026901395,0.031253091,0.013846306,0.012066067,9.89E-05,0.247126437,0.19,22.1,0.93,0.04,0.03,1,0.148505365
Eersel,0.278908727,0.204738862,0.109294177,0.112130819,0.119889872,0.055147672,0.037877524,0.007341899,0.035875188,0.022192558,0.001918905,0.014266644,0.000417153,0.661994609,0.31,28.2,0.91,0.06,0.03,1,0.13662822
Eijsden-Margraten,0.204431138,0.209041916,0.143293413,0.120958084,0.096706587,0.070419162,0.049101796,0.006227545,0.045269461,0.028862275,0.001017964,0.024550898,0.00011976,0.438339921,0.34,27.3,0.87,0.1,0.02,1,0.152666324
Eindhoven,0.191648261,0.086457026,0.125927574,0.16111579,0.115988432,0.12108115,0.052595618,0.015778685,0.035799978,0.040122035,0.001986239,0.016994264,0.03450495,3.220302376,0.35,24.6,0.67,0.14,0.19,3,0.100913306
Elburg,0.160997268,0.195696721,0.104030055,0.049112022,0.050409836,0.029849727,0.025819672,0.181762295,0.022814208,0.014071038,0.155737705,0.009562842,0.000136612,0.88102475,0.23,24.4,0.94,0.03,0.03,1,0.115000434
Emmen,0.149962012,0.143671175,0.188694727,0.081552955,0.155401915,0.065400395,0.085503723,0.029676341,0.045707339,0.021455706,0.004984045,0.023066403,0.004923264,1.090985208,0.18,22.3,0.88,0.07,0.05,2,0.139436227
Enkhuizen,0.228878513,0.102017443,0.131794556,0.11946084,0.109770064,0.09047661,0.070654568,0.021584001,0.036296362,0.04070126,0.014448066,0.019645846,0.01427187,2.320173067,0.27,24.1,0.84,0.09,0.07,2,0.137561556
Enschede,0.167609074,0.122802579,0.157653297,0.135992607,0.117192141,0.094321357,0.064212009,0.035543772,0.023365823,0.028063189,0.004136323,0.01859145,0.03051638,2.768433034,0.27,22.2,0.71,0.12,0.16,3,0.109358796
Epe,0.240001891,0.155053418,0.122530018,0.09738111,0.075635814,0.055355961,0.064479531,0.053275976,0.03569065,0.026425262,0.042214238,0.014748984,0.017207148,0.976951444,0.2,26,0.88,0.06,0.05,2,0.144082122
Ermelo,0.210410896,0.206255771,0.094759926,0.076234995,0.0533241,0.056440443,0.034856879,0.127943213,0.024007387,0.025507849,0.069309788,0.017024469,0.003924284,1.477999248,0.33,26.9,0.9,0.06,0.04,1,0.135840542
Etten-Leur,0.265938423,0.137653553,0.162183175,0.102005909,0.111296843,0.074210854,0.041401026,0.009407557,0.035492147,0.021808428,0.001982584,0.015666304,0.020953195,2.435277713,0.27,25.8,0.82,0.09,0.09,2,0.130917796
Ferwerderadiel,0.146920324,0.28084385,0.106423055,0.065172349,0.107553212,0.06178188,0.063665474,0.07722735,0.034846487,0.027500471,0.010171407,0.017140704,0.000753438,0,0.19,22.8,0.93,0.04,0.03,1,0.135203205
Franekeradeel,0.179189381,0.217903137,0.114245082,0.088646599,0.107687446,0.082563009,0.081219878,0.044402307,0.033894288,0.027020621,0.004819467,0.017539701,0.000869084,0.867457962,0.23,22.4,0.91,0.06,0.03,1,0.143012614
Geertruidenberg,0.25297216,0.127539503,0.192174567,0.087659895,0.137321294,0.06027088,0.043792325,0.009556057,0.039352897,0.021595184,0.003160271,0.022799097,0.001805869,1.781395349,0.2,25.4,0.9,0.06,0.03,1,0.133649554
Geldermalsen,0.256428156,0.134264107,0.1663758,0.087550902,0.056369983,0.053344968,0.042524724,0.02530541,0.032286213,0.019604421,0.101512507,0.021116928,0.003315881,0.738999624,0.27,27.7,0.91,0.05,0.04,1,0.126528002
Geldrop-Mierlo,0.219304764,0.13941871,0.152877549,0.124184626,0.133762695,0.080959458,0.043720585,0.01234415,0.036124185,0.029890182,0.001279828,0.016390059,0.009743209,2.069600819,0.3,25.9,0.83,0.09,0.08,2,0.132708941
Gemert-Bakel,0.230677829,0.199351877,0.153551175,0.092357548,0.160032406,0.05762895,0.031379962,0.003672698,0.033162301,0.021118012,0.001242236,0.015122873,0.000702133,1.18254497,0.2,24.9,0.9,0.07,0.03,1,0.132427391
Gennep,0.212690403,0.1420428,0.128586113,0.103635174,0.217269414,0.064760303,0.047752546,0.007756284,0.026259228,0.026539576,0.001027941,0.015699467,0.005980749,0.810274372,0.27,24.6,0.86,0.1,0.04,1,0.149804425
Giessenlanden,0.255579334,0.177111994,0.108223785,0.068990115,0.063385305,0.040048915,0.051258535,0.104147559,0.024864975,0.018037297,0.070111077,0.017527769,0.000713339,0.098630137,0.27,28.7,0.93,0.04,0.02,1,0.134625925
Gilze en Rijen,0.241776621,0.139750976,0.145945611,0.11249458,0.12234405,0.071919718,0.04299077,0.005575172,0.044229697,0.022610419,0.001858391,0.019265316,0.029238679,1.738267837,0.29,25.4,0.84,0.08,0.09,2,0.133295195
Goeree-Overflakkee,0.194914987,0.129491183,0.156272673,0.053215987,0.066307057,0.034636131,0.043405571,0.073499259,0.030156777,0.020787988,0.178038548,0.019021482,0.000252358,0.886742035,0.23,26.2,0.94,0.04,0.02,1,0.133640269
Goes,0.200703923,0.147394626,0.110567431,0.09992274,0.104558331,0.080092712,0.059704696,0.049102927,0.030946862,0.031461928,0.064984119,0.015366126,0.005193579,1.768776824,0.29,25.4,0.85,0.08,0.07,2,0.135590492
Goirle,0.247027566,0.134041847,0.127333112,0.135237463,0.133842577,0.084689472,0.048688143,0.005712388,0.03646629,0.023845898,0.000464962,0.017336433,0.005313849,1.794168096,0.32,27,0.89,0.07,0.04,1,0.153664708
Gooise Meren,0.341646095,0.091225314,0.073945242,0.182646993,0.045556553,0.0903557,0.058656867,0.016775135,0.02513465,0.039413151,0.003927289,0.019804758,0.010912253,2.569546891,0.39,,0.8,0.12,0.08,2,0.11521911
Gorinchem,0.213387157,0.100215922,0.135326699,0.11274878,0.089607585,0.081721742,0.062898986,0.052525347,0.030839279,0.029337214,0.022155464,0.018775817,0.050460008,2.542785235,0.27,25,0.75,0.1,0.16,3,0.110977486
Gouda,0.168938768,0.100982282,0.125562288,0.131965482,0.073166254,0.106949417,0.062723768,0.062448361,0.027586523,0.035756908,0.045809235,0.018291563,0.03981915,3.255888502,0.33,25.4,0.75,0.09,0.16,3,0.121069796
Grave,0.233070265,0.151349287,0.143711813,0.116089613,0.161023422,0.067082485,0.043279022,0.006364562,0.033477597,0.026349287,0.001272912,0.016165988,0.000763747,0.777687955,0.25,25.3,0.87,0.08,0.05,2,0.141471302
Grootegast,0.142474199,0.275030157,0.116204262,0.066613055,0.104677657,0.05535451,0.045838359,0.108430505,0.024795604,0.017691998,0.023455301,0.019300362,0.00013403,0,0.19,22.9,0.96,0.02,0.01,1,0.118198257
Gulpen-Wittem,0.173333333,0.189821883,0.181577608,0.093842239,0.121933842,0.087124682,0.04346056,0.007022901,0.051399491,0.029312977,0.003053435,0.016997455,0.001119593,0.207112971,0.31,25.6,0.86,0.12,0.02,1,0.167887285
Haaksbergen,0.240747734,0.246475327,0.112789527,0.109264854,0.099823766,0.050100705,0.051233635,0.01076284,0.029707956,0.015923968,0.002014099,0.015546324,0.015609265,1.450350227,0.21,24.8,0.88,0.07,0.05,2,0.137895517
Haaren,0.287846241,0.198304127,0.102656868,0.116902205,0.102996043,0.070322216,0.038552855,0.00825325,0.036630865,0.02295082,0.001808932,0.011758055,0.001017524,0.291157441,0.27,29,0.93,0.05,0.02,1,0.151020702
Haarlem,0.194646098,0.061758747,0.094943654,0.182469506,0.071255223,0.160089478,0.079263918,0.017747858,0.028046258,0.057780779,0.002268603,0.017273034,0.032456844,3.735397563,0.42,26.1,0.72,0.13,0.15,3,0.109691074
Haarlemmerliede en Spaarnwoude,0.306728412,0.114682648,0.123127213,0.129120131,0.058567148,0.094252247,0.058294743,0.011985835,0.032416235,0.039498774,0.002179243,0.02397167,0.005175701,0.64664311,0.21,28.6,0.85,0.08,0.06,2,0.131862312
Haarlemmermeer,0.303455625,0.105204061,0.138591627,0.124922661,0.058754784,0.075379821,0.051123995,0.025470336,0.037867504,0.032173056,0.007516213,0.023717317,0.015823002,2.434726027,0.29,28,0.74,0.11,0.15,3,0.114867503
Halderberge,0.263268932,0.138574284,0.201532312,0.083111259,0.123362203,0.055851654,0.034976682,0.008105707,0.039695758,0.020874972,0.001832112,0.015878303,0.012935821,0.980730223,0.25,25.7,0.85,0.07,0.08,2,0.143277325
Hardenberg,0.174864386,0.259727728,0.113368454,0.069398081,0.087393073,0.040449614,0.044596286,0.128729397,0.030461089,0.013613603,0.01992489,0.016691008,0.000782391,0.615346288,0.16,23.6,0.94,0.04,0.03,1,0.118333859
Harderwijk,0.232101093,0.171326841,0.110727127,0.086745558,0.057074039,0.065696233,0.04223828,0.099626488,0.026250567,0.024749537,0.027577059,0.015848082,0.040039097,2.275943905,0.24,25.1,0.82,0.07,0.11,3,0.117621678
Hardinxveld-Giessendam,0.159193604,0.151286062,0.114615919,0.03849496,0.053527981,0.025373653,0.036235662,0.16770942,0.019986097,0.012773723,0.205074731,0.013990268,0.001737921,1.391498881,0.23,25.7,0.94,0.03,0.03,1,0.110004476
Haren,0.223843173,0.115948636,0.049844237,0.174834739,0.064888686,0.141554593,0.088519109,0.058202264,0.018311678,0.042853886,0.005698655,0.014892485,0.000607857,1.302503832,0.46,30.8,0.87,0.08,0.05,2,0.136433316
Harlingen,0.18977425,0.140191733,0.137511597,0.089062983,0.127100299,0.079476343,0.087207504,0.037831151,0.044840738,0.035769508,0.004947944,0.024739718,0.001546232,1.522698613,0.25,22.2,0.88,0.08,0.04,1,0.144388398
Hattem,0.187639613,0.189377017,0.08165798,0.102630926,0.072474559,0.056093323,0.069868454,0.166542566,0.020972946,0.016381236,0.022338049,0.011417225,0.002606106,1.208471761,0.31,26.6,0.92,0.04,0.03,1,0.130980066
Heemskerk,0.244809055,0.10841951,0.139890888,0.124094129,0.09657194,0.093640583,0.062047065,0.01457536,0.041161143,0.032896344,0.002076378,0.024427978,0.015389626,3.111309676,0.23,25.8,0.81,0.09,0.1,3,0.123969263
Heemstede,0.364101124,0.101797753,0.059775281,0.187921348,0.038146067,0.091797753,0.05758427,0.016235955,0.022134831,0.038707865,0.00258427,0.017078652,0.002134831,2.475129918,0.47,35.3,0.81,0.13,0.06,2,0.141186516
Heerde,0.182808023,0.214490381,0.1250921,0.073843635,0.075972165,0.041670078,0.057060991,0.130904625,0.027261564,0.018256242,0.038313549,0.012525583,0.001801064,0.785560345,0.27,25.7,0.94,0.03,0.03,1,0.137600345
Heerenveen,0.199540919,0.137660599,0.099467593,0.11977556,0.120540696,0.095514394,0.107692798,0.035259987,0.028628814,0.027704275,0.00398508,0.016641693,0.007587592,1.324701195,0.23,24.1,0.89,0.06,0.06,2,0.126088082
Heerhugowaard,0.267348657,0.111124973,0.124504881,0.126220254,0.095468297,0.086267661,0.060786576,0.020522097,0.035399058,0.033028725,0.002152013,0.021457755,0.015719053,2.488262056,0.21,24.9,0.8,0.09,0.12,3,0.112811647
Heerlen,0.132213531,0.097467305,0.237968185,0.086329917,0.206435834,0.072645686,0.041315465,0.007883088,0.045499565,0.038020739,0.001677683,0.018838558,0.013704445,2.694116298,0.22,21.8,0.72,0.19,0.09,2,0.140315866
Heeze-Leende,0.296206462,0.177452217,0.11370913,0.128165325,0.106238479,0.060638401,0.040749006,0.008828951,0.028427282,0.022703017,0.001649365,0.01416513,0.001067236,0.616804583,0.28,29.2,0.9,0.07,0.03,1,0.147639048
Heiloo,0.308379603,0.11302572,0.074414449,0.16293318,0.056225669,0.101410428,0.076392878,0.015189227,0.024379348,0.043972174,0.003382475,0.019209905,0.001084945,1.97944007,0.36,29.5,0.88,0.08,0.04,1,0.140219626
Hellendoorn,0.194324154,0.306369561,0.105024175,0.088837503,0.094134959,0.05431995,0.044692033,0.04910658,0.025141896,0.015766239,0.008072314,0.012655035,0.001555602,1.13666853,0.18,24.2,0.93,0.04,0.03,1,0.135720675
Hellevoetsluis,0.242645801,0.090559261,0.222550026,0.086582863,0.088677955,0.058149478,0.056139901,0.01877031,0.052035232,0.03386352,0.004275697,0.0315974,0.014152557,2.4062984,0.22,26.7,0.82,0.09,0.09,2,0.149269149
Helmond,0.213915844,0.107477779,0.209165783,0.097386447,0.144071597,0.072005219,0.038693631,0.007909973,0.036797684,0.024219196,0.001039713,0.016716953,0.030600179,2.409557444,0.23,23.7,0.75,0.13,0.13,3,0.111134412
Hendrik-Ido-Ambacht,0.236764469,0.125140804,0.136029609,0.082926568,0.060451644,0.045700799,0.040926889,0.063240895,0.028375261,0.020543904,0.130933863,0.02000751,0.008957786,2.771687962,0.24,27.5,0.86,0.06,0.07,2,0.105008241
het Bildt,0.172976398,0.219546967,0.115792808,0.078726438,0.130207508,0.072390306,0.079993664,0.036274355,0.033423095,0.034373515,0.004593696,0.021701251,0,0.168571429,0.19,21.9,0.9,0.05,0.04,1,0.138473268
Heumen,0.245045697,0.150122161,0.09628088,0.155732513,0.110759207,0.104334449,0.060356529,0.011582662,0.022803366,0.029499593,0.000814406,0.011311194,0.001357343,1.029126214,0.33,28.6,0.87,0.09,0.04,1,0.144704097
Heusden,0.266206494,0.146451919,0.161243198,0.108834593,0.11398415,0.059968591,0.040356452,0.010956503,0.034074723,0.023812133,0.002300866,0.016690406,0.015119974,1.565487132,0.31,26.3,0.87,0.07,0.06,2,0.131331005
Hillegom,0.291877215,0.12376499,0.137265254,0.120144807,0.066068331,0.07391206,0.051813862,0.017572969,0.042612565,0.033411268,0.005656535,0.029413983,0.00648616,2.331299859,0.24,26.2,0.83,0.11,0.06,2,0.130606117
Hilvarenbeek,0.281493155,0.206145967,0.092977445,0.120752487,0.118191667,0.066285827,0.042745986,0.007386979,0.029449424,0.022259431,0.000886438,0.011031222,0.000393972,0.67539267,0.29,27.5,0.92,0.05,0.02,1,0.134593993
Hilversum,0.237794524,0.082896118,0.104359439,0.172393399,0.070666794,0.115863779,0.063226176,0.02749213,0.034341315,0.043956883,0.006696556,0.018010112,0.022302776,3.289041404,0.39,27.4,0.74,0.13,0.13,3,0.110498605
Hof van Twente,0.263772671,0.248523977,0.10474451,0.108737204,0.08308202,0.050970564,0.061929236,0.0135072,0.025060528,0.015036317,0.004587351,0.014696513,0.005351909,0.779777207,0.28,26,0.91,0.06,0.03,1,0.136928394
Hollands Kroon,0.292482606,0.131919226,0.148481249,0.099643645,0.083319192,0.063363312,0.055998642,0.019548617,0.041846258,0.027829628,0.005905311,0.029153233,0.000509079,0.430581811,0.19,25,0.9,0.07,0.03,1,0.134789916
Hoogeveen,0.158849558,0.205250737,0.156548673,0.070619469,0.12660767,0.053451327,0.05879056,0.071474926,0.035221239,0.017168142,0.020442478,0.021238938,0.004336283,1.559211716,0.19,22.5,0.9,0.06,0.05,2,0.12541809
Hoogezand-Sappemeer,0.141479742,0.089324075,0.152370485,0.085577259,0.187490633,0.090323225,0.095269021,0.04096518,0.044961782,0.028775541,0.0036469,0.014987261,0.024828895,1.910896874,0.2,21.8,0.81,0.07,0.12,3,0.132478383
Hoorn,0.235840884,0.08960221,0.127180352,0.130926459,0.098616282,0.10908197,0.074126103,0.016272155,0.036782094,0.040457962,0.002552036,0.022359579,0.016201915,2.462546558,0.25,24.8,0.77,0.09,0.14,3,0.12947457
Horst aan de Maas,0.218637719,0.224982799,0.131220855,0.111535815,0.139591774,0.055194557,0.035165507,0.005733507,0.040096323,0.019493922,0.000917361,0.016283159,0.001146701,0.73089701,0.24,25.7,0.89,0.08,0.03,1,0.133605449
Houten,0.254900705,0.122037156,0.100800769,0.148046124,0.058520179,0.100224215,0.05554132,0.063036515,0.026617553,0.027642537,0.023318386,0.014349776,0.004964766,2.206085193,0.41,29.7,0.85,0.07,0.08,2,0.117586207
Huizen,0.278345882,0.130464097,0.10499307,0.122111099,0.05457542,0.073903435,0.050867139,0.057234895,0.031988613,0.034685545,0.022586808,0.021875117,0.01636888,2.840985984,0.33,28.3,0.8,0.1,0.1,3,0.148446184
Hulst,0.230543797,0.155063497,0.182611527,0.083946597,0.123933572,0.057440573,0.055682188,0.008466298,0.05424943,0.027482905,0.003647021,0.015695213,0.001237382,0.477372263,0.21,25.3,0.73,0.24,0.03,1,0.146705603
IJsselstein,0.274466065,0.125011865,0.133080209,0.142192691,0.068675842,0.077361177,0.049169435,0.024537257,0.032890365,0.026150925,0.010061699,0.017465591,0.018936877,2.702426191,0.3,27.8,0.8,0.07,0.13,3,0.108103368
Kaag en Braassem,0.322434723,0.155863491,0.133703619,0.124312872,0.053252405,0.062414109,0.040769583,0.015517636,0.033783784,0.026053596,0.005726065,0.024793862,0.001374256,0.775502465,0.23,28,0.9,0.06,0.04,1,0.13744597
Kampen,0.13630772,0.195175373,0.113084701,0.062528129,0.078790243,0.058027544,0.041195355,0.140508266,0.023853101,0.016022083,0.108914159,0.014251853,0.011341474,1.9083984,0.23,23.3,0.91,0.04,0.05,2,0.107291806
Kapelle,0.219689622,0.156886518,0.101479146,0.083414161,0.073472357,0.047890398,0.044616877,0.070320078,0.029946654,0.023035887,0.131789525,0.01685257,0.000606208,0.874109264,0.26,26.4,0.91,0.06,0.03,1,0.127238156
Katwijk,0.203690842,0.204955849,0.146517512,0.057991864,0.044721699,0.037900585,0.029293581,0.097405497,0.028425439,0.020909812,0.097008632,0.026763568,0.004415121,3.024790827,0.2,25.6,0.89,0.06,0.05,2,0.113556065
Kerkrade,0.129538646,0.110844817,0.292550429,0.064589575,0.195725984,0.053924506,0.042300779,0.004274016,0.048611943,0.032594368,0.00087877,0.018374276,0.005791891,2.556934465,0.2,21.4,0.69,0.26,0.06,2,0.15900037
Koggenland,0.343444092,0.153936302,0.112367296,0.109127258,0.06714463,0.064180339,0.049427823,0.009099683,0.036881291,0.028815662,0.00344685,0.021508341,0.000620433,0.48268206,0.26,26.3,0.92,0.05,0.03,1,0.131427049
Kollumerland en Nieuwkruisland,0.143382353,0.285370183,0.138057809,0.059837728,0.105856998,0.052358012,0.04994929,0.076825558,0.030552738,0.018889452,0.018889452,0.020030426,0,0.360248447,0.16,22.2,0.95,0.02,0.02,1,0.124145432
Korendijk,0.212801101,0.126909842,0.143427392,0.067584308,0.059325533,0.045010323,0.039091535,0.043358568,0.034549209,0.024776325,0.181004818,0.021748107,0.000412939,0.046532847,0.24,27.4,0.94,0.04,0.02,1,0.136782553
Krimpen aan den IJssel,0.192822482,0.107129526,0.148722871,0.086332853,0.064842958,0.053058177,0.055457793,0.067135925,0.03087506,0.025062657,0.143443716,0.020636698,0.004479283,2.840027463,0.24,26.8,0.85,0.07,0.08,2,0.128111802
Krimpenerwaard,0.246075029,0.133035862,0.127527131,0.086046384,0.060348152,0.055583099,0.051864706,0.06131218,0.028066986,0.028480141,0.094557373,0.019500909,0.007602049,1.073731884,0.25,27.1,0.89,0.05,0.05,2,0.126277081
Laarbeek,0.255844344,0.174241324,0.158922608,0.100406563,0.156018586,0.05132859,0.036300276,0.004501234,0.027225207,0.01967475,0.001234209,0.014011906,0.000290402,0.743391067,0.25,25.6,0.92,0.06,0.02,1,0.141327135
Landerd,0.258842284,0.190893693,0.129620405,0.104712564,0.165288433,0.047723423,0.035867291,0.006276776,0.029690146,0.016837701,0.000996314,0.013051709,0.000199263,0.545632334,0.28,25.8,0.93,0.05,0.03,1,0.141077485
Landgraaf,0.149067513,0.118680172,0.26648698,0.08172847,0.168847542,0.058209799,0.043950789,0.006651306,0.052167109,0.031865409,0.00099987,0.018475851,0.002869191,2.395460614,0.25,23.3,0.77,0.19,0.04,1,0.159325111
Landsmeer,0.266467066,0.074305934,0.136771911,0.139629831,0.08614589,0.099074578,0.078524769,0.008982036,0.033886772,0.041916168,0.003130103,0.025585193,0.00557975,1.497781721,0.36,30.1,0.84,0.09,0.08,2,0.136762749
Langedijk,0.290562215,0.120490742,0.113962519,0.127244077,0.07147279,0.08773707,0.056221509,0.029433283,0.033991783,0.035455006,0.004952445,0.024143171,0.00433339,1.333936979,0.3,26.7,0.89,0.06,0.05,2,0.139524775
Lansingerland,0.32505808,0.135798801,0.131746718,0.116862067,0.042817008,0.055648603,0.039791453,0.055783673,0.025501108,0.025987358,0.011642984,0.022961802,0.010400346,2.049417637,0.36,30.4,0.83,0.07,0.1,3,0.097396223
Leek,0.173263328,0.15904685,0.11082391,0.099676898,0.119386107,0.088045234,0.080290792,0.084410339,0.031583199,0.023990307,0.011550889,0.016235864,0.001696284,0.940458015,0.26,24,0.91,0.05,0.03,1,0.13490811
Leerdam,0.193670288,0.131160447,0.146197449,0.070540072,0.071091167,0.053849787,0.043300268,0.069201701,0.027082349,0.021965045,0.088490002,0.015588096,0.067863329,1.867527499,0.25,24.5,0.78,0.08,0.14,3,0.124850514
Leeuwarden,0.154780646,0.10832566,0.107241512,0.134003624,0.121691864,0.130825437,0.103424719,0.035509549,0.02841061,0.045162919,0.003579172,0.02208394,0.004960347,2.651789822,0.3,22.6,0.83,0.08,0.1,3,0.113631553
Leeuwarderadeel,0.172588078,0.195778207,0.096625539,0.100044596,0.116545265,0.077003122,0.110599078,0.04801546,0.030325554,0.02987959,0.004310986,0.017392597,0.000891928,0.674579624,0.25,24.1,0.92,0.04,0.04,1,0.153146023
Leiden,0.170702084,0.062921172,0.106723084,0.212936844,0.06728308,0.172112522,0.070352087,0.025022201,0.020934545,0.048216058,0.003499974,0.017996134,0.021300214,3.738497615,0.45,26,0.7,0.14,0.16,3,0.103072108
Leiderdorp,0.256596231,0.114277556,0.111821816,0.164877213,0.062193033,0.090291262,0.069617362,0.023700742,0.030039977,0.030325528,0.010451171,0.022158766,0.013649343,3.210836712,0.32,28.3,0.78,0.1,0.11,3,0.130713654
Leidschendam-Voorburg,0.280563269,0.117005226,0.124855137,0.153084206,0.0542278,0.081866486,0.060240964,0.020947675,0.031552708,0.038746638,0.00459187,0.021363129,0.01095489,3.436595174,0.39,28.3,0.7,0.14,0.16,3,0.130998338
Lelystad,0.200136676,0.090135734,0.18076633,0.097723631,0.097629371,0.089452352,0.060420398,0.037468187,0.046540673,0.039353379,0.007847111,0.021703271,0.030822886,2.068096166,0.23,23.5,0.7,0.1,0.2,3,0.133056917
Leudal,0.206884268,0.180122011,0.165427261,0.167876386,0.110166095,0.043015541,0.028187202,0.005744311,0.04408425,0.022843657,0.002048359,0.022754598,0.000846061,0.275362319,0.24,25.9,0.88,0.09,0.03,1,0.150537934
Leusden,0.274310959,0.149003464,0.075355189,0.145388825,0.058587278,0.088859883,0.052060846,0.059541142,0.024599628,0.029921181,0.01887645,0.019830313,0.003664843,1.810309973,0.34,29.4,0.87,0.08,0.05,2,0.138625872
Lingewaal,0.228922313,0.171243273,0.166137712,0.074927556,0.056851111,0.047053953,0.057403063,0.074375604,0.025527805,0.021388161,0.055195253,0.017662481,0.003311715,0.134529148,0.24,27.1,0.91,0.05,0.04,1,0.135687399
Lingewaard,0.271240194,0.142246703,0.125988983,0.134702053,0.111934569,0.074945752,0.049941579,0.009647805,0.035987314,0.024269738,0.001235186,0.016190953,0.00166917,1.341489822,0.27,25.6,0.9,0.07,0.03,1,0.144818327
Lisse,0.288877034,0.144505201,0.116030942,0.120632169,0.055481462,0.060149373,0.04001067,0.031675113,0.039143772,0.029874633,0.048012803,0.024006402,0.001600427,2.299735915,0.22,26.6,0.87,0.08,0.05,2,0.131003213
Littenseradiel,0.202132196,0.255152807,0.071357498,0.097796731,0.090405117,0.09068941,0.089267946,0.031982942,0.024591329,0.0297086,0.005685856,0.010945274,0.000284293,0,0.25,25.1,0.95,0.03,0.02,1,0.135026987
Lochem,0.279982537,0.159397511,0.067714473,0.151233355,0.076970094,0.094302554,0.071774722,0.01763807,0.027373936,0.028640035,0.003012443,0.013184894,0.008775377,0.789505069,0.35,27.9,0.9,0.06,0.04,1,0.153137576
Loon op Zand,0.272354901,0.145376284,0.172174396,0.095043044,0.114273813,0.0651208,0.03901694,0.009094696,0.039364066,0.022632602,0.005345737,0.014371008,0.005831713,1.535497835,0.22,25.8,0.9,0.07,0.04,1,0.139652709
Lopik,0.24196743,0.193772007,0.158230634,0.06227993,0.048195423,0.037301937,0.029489437,0.079665493,0.027508803,0.018705986,0.079995599,0.015294894,0.00759243,0.376495426,0.17,27.2,0.92,0.04,0.04,1,0.121058559
Loppersum,0.106746765,0.200708564,0.084873691,0.082255083,0.145717807,0.111367837,0.079944547,0.096272335,0.028650647,0.035736291,0.018484288,0.008934073,0.000308071,0,0.24,23.6,0.94,0.04,0.02,1,0.156142828
Losser,0.20333754,0.259150189,0.163932127,0.104964241,0.100687141,0.046837751,0.040877857,0.009535829,0.035619128,0.014934792,0.001051746,0.015986538,0.003085121,0.912366548,0.24,24,0.86,0.11,0.03,1,0.151943777
Maasdriel,0.258277712,0.186624787,0.209200366,0.075121057,0.088077477,0.043711556,0.033307159,0.013021856,0.032587358,0.018976574,0.019303756,0.019172883,0.002617458,0.464962902,0.25,26.2,0.9,0.07,0.03,1,0.131958763
Maasgouw,0.20838121,0.16640757,0.196552889,0.104832714,0.123758026,0.052855694,0.033997972,0.006353498,0.052382562,0.029199054,0.001419398,0.023115918,0.000743494,0.313288478,0.26,25.9,0.86,0.11,0.03,1,0.16488601
Maassluis,0.226914386,0.13396937,0.170123023,0.094150138,0.069344715,0.058900326,0.05453176,0.037860909,0.039467738,0.027968868,0.008586493,0.019131308,0.059050967,2.892483056,0.23,25.1,0.73,0.08,0.19,3,0.140585516
Maastricht,0.158933144,0.106108373,0.184672084,0.150156151,0.113864097,0.110134245,0.05355002,0.008332963,0.041442802,0.038378994,0.001169279,0.023311576,0.009946272,3.029814272,0.37,23.5,0.69,0.2,0.11,3,0.126383877
Marum,0.192947642,0.181499008,0.144252786,0.082124866,0.117081362,0.065486185,0.070828881,0.06014349,0.033124714,0.023813158,0.011143337,0.017401923,0.000152648,0.348411935,0.21,24.2,0.94,0.04,0.02,1,0.129187524
Medemblik,0.288892982,0.146730521,0.13118438,0.112654264,0.074673052,0.062884509,0.049511881,0.025861116,0.039270584,0.030134463,0.008804568,0.023540247,0.005857432,0.609850204,0.25,25.2,0.88,0.08,0.04,1,0.14022425
Meerssen,0.200396825,0.16531746,0.180396825,0.121746032,0.113968254,0.072142857,0.041666667,0.005634921,0.048650794,0.027539683,0.001111111,0.020793651,0.000634921,0.623492396,0.31,27.1,0.88,0.1,0.03,1,0.150534815
Meierijstad,0.259723811,0.177970257,0.131312306,0.107043635,0.136644059,0.060508253,0.038895244,0.005025331,0.032031378,0.019284197,0.000980552,0.013891159,0.016689819,1.412294979,0.22,,0.87,0.07,0.06,2,0.131527877
Menameradiel,0.185337915,0.198969072,0.097250859,0.105841924,0.111340206,0.087056128,0.10137457,0.03814433,0.028636884,0.024627721,0.005498282,0.015578465,0.000343643,0,0.2,24,0.94,0.04,0.02,1,0.13958674
Menterwolde,0.136542497,0.09456978,0.180482686,0.082896118,0.207371459,0.073321091,0.090372508,0.03567681,0.046694648,0.029905561,0.004066107,0.016920252,0.001180483,0.328947368,0.21,22.8,0.93,0.04,0.03,1,0.154990955
Meppel,0.216386951,0.136385065,0.10178201,0.117197813,0.112954931,0.090891948,0.076089006,0.058551763,0.032151612,0.027625872,0.005091458,0.016971526,0.007920045,1.74568574,0.31,23.9,0.89,0.05,0.06,2,0.124996215
Midden-Delfland,0.322979916,0.189241787,0.096061031,0.129378795,0.037677098,0.06546785,0.041725051,0.040012455,0.022108049,0.022808656,0.005994084,0.023120037,0.003425191,1.851287441,0.32,30.4,0.89,0.06,0.05,2,0.119417884
Midden-Drenthe,0.207460375,0.17630716,0.11231554,0.099927127,0.110311532,0.071688832,0.091410093,0.041082164,0.036755329,0.023820368,0.009792312,0.018719257,0.000409911,0.361485475,0.26,24.7,0.92,0.04,0.03,1,0.14701039
Mill en Sint Hubert,0.233508869,0.204961197,0.136640798,0.077743902,0.200110865,0.045177384,0.032427938,0.006374723,0.033120843,0.015798226,0.001662971,0.011640798,0.000831486,0.235892692,0.21,25.3,0.94,0.04,0.02,1,0.143333025
Moerdijk,0.257188217,0.144469924,0.179881813,0.083436232,0.118363027,0.055256659,0.041144823,0.0258864,0.039292644,0.026371494,0.006218028,0.017595696,0.004895043,1.071177267,0.26,26.1,0.89,0.07,0.04,1,0.136936986
Molenwaard,0.162175117,0.173679165,0.098902855,0.042927141,0.04814657,0.029452493,0.034405624,0.141031104,0.01848104,0.014113762,0.221825735,0.013900724,0.000958671,0.422458062,0.21,27.2,0.94,0.03,0.03,1,0.112864576
Montferland,0.239281197,0.186853928,0.175121036,0.093688664,0.119684215,0.053953854,0.043485846,0.006542504,0.038164609,0.021197714,0.001701051,0.015745627,0.004579753,0.999716874,0.2,24,0.88,0.08,0.03,1,0.141040888
Montfoort,0.289612097,0.164803857,0.119000657,0.101030024,0.045584046,0.057856673,0.039009424,0.054898093,0.023668639,0.019066404,0.057089634,0.019614289,0.008766163,0.865800866,0.29,28.7,0.9,0.05,0.05,2,0.118996106
Mook en Middelaar,0.247061019,0.11979847,0.102071282,0.164023139,0.112334391,0.108229147,0.061205449,0.010636313,0.020899422,0.040492629,0.000746408,0.011942527,0.000559806,0.437580438,0.31,29.5,0.86,0.1,0.04,1,0.160514469
Neder-Betuwe,0.149023424,0.109960381,0.141308125,0.046778342,0.05275596,0.028080906,0.047890457,0.04705637,0.026690762,0.012719817,0.320984222,0.013067352,0.003683881,0.517374517,0.19,24.6,0.93,0.05,0.02,1,0.116379865
Nederweert,0.233367643,0.216805465,0.172546084,0.095723777,0.112753813,0.046879386,0.033217928,0.004304295,0.046598671,0.018995041,0.001310003,0.017310751,0.000187143,0.755186722,0.27,25.1,0.91,0.06,0.02,1,0.145398482
Neerijnen,0.230220493,0.147081712,0.174967575,0.072892348,0.059143969,0.04228275,0.048378729,0.03540856,0.028274968,0.021141375,0.122438392,0.016212711,0.00155642,0,0.28,28,0.92,0.05,0.03,1,0.115278678
Nieuwegein,0.219779924,0.106674917,0.163926928,0.122144798,0.098684388,0.086120154,0.061153111,0.026904141,0.041082623,0.030885953,0.006268665,0.017971966,0.018402432,2.895910781,0.27,25.6,0.74,0.1,0.16,3,0.148331933
Nieuwkoop,0.311406695,0.178058459,0.138937014,0.097580059,0.052087408,0.056949645,0.038003689,0.027999776,0.031408931,0.021405019,0.020566702,0.023249315,0.002347287,0.514326648,0.26,28.2,0.9,0.06,0.04,1,0.13516515
Nijkerk,0.228901515,0.184734848,0.127386364,0.078901515,0.047121212,0.048068182,0.036590909,0.107386364,0.02530303,0.017575758,0.070530303,0.014848485,0.012651515,1.7326472,0.22,26.3,0.89,0.05,0.06,2,0.116074207
Nijmegen,0.145267778,0.067242808,0.096647877,0.197302638,0.113385726,0.203904891,0.063782317,0.013040588,0.01837703,0.047527115,0.001384196,0.012539727,0.019597308,3.016363217,0.43,23.8,0.75,0.12,0.14,3,0.106899214
Nissewaard,0.207046644,0.093896437,0.242319079,0.080407035,0.107130953,0.060643492,0.05644766,0.02244966,0.056937827,0.030488403,0.007097622,0.026665098,0.00847009,2.740194357,0.2,25.2,0.77,0.09,0.14,3,0.138827414
Noord-Beveland,0.249733646,0.148732154,0.151502237,0.070743661,0.087364159,0.053910079,0.063072661,0.030044747,0.03728958,0.038354997,0.046239079,0.022373748,0.00063925,0,0.25,24.6,0.88,0.09,0.03,1,0.161880249
Noordenveld,0.213745969,0.124993984,0.109255427,0.126197237,0.099244357,0.10020696,0.104923714,0.040958752,0.030947683,0.029696299,0.004716754,0.015064735,4.81E-05,0.839599757,0.3,25.5,0.88,0.04,0.08,2,0.140626421
Noordoostpolder,0.226414414,0.203495495,0.116684685,0.078702703,0.084936937,0.048504505,0.046126126,0.081477477,0.025693694,0.018846847,0.044,0.017801802,0.007315315,0.966910185,0.2,24.2,0.86,0.07,0.07,2,0.118554486
Noordwijk,0.339873263,0.116134536,0.128077017,0.116317329,0.057457958,0.071533025,0.046551304,0.016816963,0.036071167,0.031684134,0.004813551,0.030404582,0.004265172,2.438345574,0.29,28.7,0.83,0.12,0.05,2,0.140565199
Noordwijkerhout,0.338215325,0.139961203,0.134820563,0.109214355,0.057516974,0.064888458,0.037536372,0.011639185,0.042483026,0.028031038,0.001454898,0.032880698,0.001357905,1.802083333,0.24,26.3,0.85,0.11,0.04,1,0.136597622
Nunspeet,0.160880418,0.165929204,0.102677558,0.044871795,0.03925573,0.028874518,0.02195371,0.137281597,0.019287497,0.015656909,0.249375993,0.011856138,0.002098934,1.136853849,0.19,25.2,0.93,0.04,0.03,1,0.120853786
Nuth,0.195372751,0.181530552,0.18528772,0.09472019,0.128633577,0.063871861,0.040636741,0.004053787,0.050524026,0.030650583,0.00138422,0.022839628,0.000494364,0.473546702,0.3,25.9,0.87,0.11,0.03,1,0.154263313
Oegstgeest,0.301604207,0.103840777,0.070292219,0.201956999,0.040404713,0.102975438,0.068162151,0.030952539,0.020701591,0.034081076,0.004326699,0.017107102,0.003594488,2.633629818,0.45,34,0.77,0.15,0.08,2,0.122204338
Oirschot,0.283221699,0.197056148,0.125940627,0.106011742,0.122881006,0.051021252,0.037707765,0.006201935,0.03216737,0.018026958,0.002315389,0.017117341,0.00033077,0.70972973,0.26,27.6,0.93,0.05,0.03,1,0.140440024
Oisterwijk,0.311208818,0.146840932,0.112509787,0.126121785,0.104258267,0.077877492,0.03848702,0.00770945,0.032704933,0.023309041,0.001264832,0.014214299,0.003493345,1.464148034,0.33,28.4,0.89,0.06,0.05,2,0.134947563
Oldambt,0.13770381,0.101883923,0.191137957,0.077595675,0.197769705,0.072442342,0.093393596,0.035862127,0.040212892,0.028132128,0.004773169,0.01858579,0.000506885,1.039087093,0.16,21.6,0.89,0.07,0.03,1,0.147895455
Oldebroek,0.124957347,0.19538661,0.121135604,0.043950044,0.053026684,0.026752201,0.033099024,0.205964649,0.021975022,0.011192247,0.150344639,0.011874701,0.000341227,0.896818573,0.18,24.1,0.95,0.03,0.02,1,0.122678019
Oldenzaal,0.232842659,0.208471437,0.123074673,0.130629752,0.106550985,0.065802301,0.047767596,0.008042503,0.025784753,0.017108598,0.001364788,0.016231234,0.016328719,2.177132146,0.27,24.7,0.85,0.08,0.08,2,0.135349622
Olst-Wijhe,0.217027096,0.206940764,0.095136336,0.11761689,0.093084879,0.080092316,0.084622617,0.022822463,0.034447389,0.027438243,0.005983417,0.0098299,0.004957689,0.503064067,0.26,25.3,0.92,0.04,0.03,1,0.137884947
Ommen,0.180134971,0.323498875,0.080982869,0.08703928,0.062813636,0.042221838,0.041097076,0.111524485,0.023793044,0.014621907,0.018082713,0.013929746,0.00025956,0.653736452,0.22,25.2,0.93,0.05,0.03,1,0.139353146
Onderbanken,0.156499203,0.146132376,0.252192982,0.083333333,0.158692185,0.063596491,0.03030303,0.005382775,0.0488437,0.031100478,0.001794258,0.02053429,0.001594896,0.567430025,0.2,23.8,0.8,0.17,0.03,1,0.155880483
Oost Gelre,0.250115961,0.246353657,0.09111993,0.119362985,0.109003762,0.057671494,0.047415348,0.00587538,0.038602278,0.015255373,0.002009998,0.013451528,0.003762305,1.050286871,0.23,25,0.92,0.05,0.03,1,0.137848417
Oosterhout,0.258424936,0.11901822,0.165968981,0.11552477,0.107935552,0.073121518,0.044692064,0.009426291,0.035175425,0.023430206,0.001084174,0.016684234,0.029513627,2.225233474,0.27,25.9,0.81,0.09,0.11,3,0.138213318
Ooststellingwerf,0.17300439,0.169789155,0.135781859,0.092005194,0.120571323,0.080380882,0.087676993,0.041365238,0.034563779,0.033945465,0.008409077,0.022011995,0.000494652,0.48297456,0.2,22.9,0.93,0.04,0.02,1,0.146319499
Oostzaan,0.286304417,0.067206864,0.176993963,0.105815062,0.068636797,0.07864633,0.078805211,0.017000318,0.045122339,0.041309183,0.0042898,0.025103273,0.004766444,1.54507772,0.28,28.2,0.87,0.06,0.07,2,0.122358061
Opmeer,0.317764804,0.156936336,0.113288852,0.131081457,0.064081179,0.067000278,0.049763692,0.009174312,0.039894356,0.024603837,0.00236308,0.023769808,0.000278009,0.619089317,0.25,25.9,0.93,0.05,0.03,1,0.137127846
Opsterland,0.1739431,0.169901622,0.095346982,0.100292475,0.121297527,0.085615528,0.098697155,0.074288753,0.026641851,0.025791013,0.014198352,0.013507046,0.000478596,0.360026918,0.2,24.2,0.94,0.04,0.03,1,0.133555421
Oss,0.210090457,0.144568007,0.166700035,0.098520285,0.174999545,0.062737746,0.040259906,0.005824218,0.031960395,0.020421164,0.000764429,0.015470579,0.027683235,1.909060737,0.26,25,0.82,0.08,0.09,2,0.127235107
Oud-Beijerland,0.240469957,0.117872422,0.143541281,0.098844263,0.064491412,0.057276036,0.052359364,0.052678628,0.029436179,0.027201328,0.090543388,0.024200243,0.001085499,2.168609492,0.26,27.3,0.9,0.06,0.04,1,0.130876535
Oude IJsselstreek,0.223044482,0.1872762,0.121071059,0.109612477,0.135036206,0.061192011,0.054109971,0.014840455,0.035211268,0.019972945,0.002506565,0.011458582,0.024667781,0.857215062,0.24,23.5,0.87,0.07,0.06,2,0.143196522
Ouder-Amstel,0.277076572,0.100132227,0.087991345,0.172015867,0.04892415,0.105541531,0.080658733,0.018752254,0.034619546,0.039307609,0.010217574,0.018632047,0.006130545,1.825633383,0.36,31.5,0.75,0.12,0.12,3,0.136969968
Oudewater,0.302856279,0.187849479,0.114855675,0.097929575,0.04337313,0.053951942,0.033701073,0.054103068,0.02463352,0.021459876,0.044884389,0.017681729,0.002720266,1.217647059,0.27,28.3,0.92,0.05,0.04,1,0.127613625
Overbetuwe,0.249648571,0.152051677,0.123134079,0.136488386,0.090200147,0.074369101,0.049936408,0.030323315,0.028850659,0.025068612,0.02038289,0.01563023,0.003915925,1.136737708,0.3,26.1,0.89,0.07,0.04,1,0.124150736
Papendrecht,0.229020032,0.133533494,0.150022149,0.088300438,0.079736182,0.063788945,0.049662844,0.066397598,0.036914899,0.024905252,0.044937737,0.022247379,0.010533051,2.737608426,0.28,26.4,0.83,0.08,0.09,2,0.1243342
Peel en Maas,0.225728155,0.236258402,0.16695295,0.094286781,0.106011949,0.048207618,0.030657207,0.003659447,0.044921583,0.018147872,0.001530993,0.018297237,0.005339806,0.734948097,0.2,24.9,0.89,0.07,0.04,1,0.142408933
Pekela,0.104923879,0.102043615,0.245645316,0.051021808,0.243999451,0.057193801,0.084213414,0.028254012,0.036894802,0.02235633,0.00685777,0.014538472,0.002057331,0.484824281,0.16,20.8,0.9,0.06,0.04,1,0.139090836
Pijnacker-Nootdorp,0.306050268,0.128767724,0.137312592,0.138470688,0.04851482,0.071614135,0.04607343,0.031018185,0.024476509,0.027982096,0.007918871,0.023694012,0.00810667,2.409039119,0.37,29.3,0.8,0.08,0.12,3,0.094936949
Purmerend,0.224606461,0.080410248,0.193165339,0.113637797,0.092473887,0.087787142,0.067442887,0.014522604,0.051995544,0.037094639,0.001870495,0.023370673,0.011622286,3.185912674,0.23,24.8,0.75,0.09,0.17,3,0.121134021
Putten,0.222792415,0.210776644,0.114900807,0.05119219,0.038738344,0.029476187,0.023092809,0.136554227,0.021778584,0.015395206,0.119907378,0.013017085,0.002378121,1.340155546,0.29,25.9,0.92,0.05,0.03,1,0.118634354
Raalte,0.246024898,0.292205925,0.07642056,0.117547968,0.080898969,0.059328649,0.045893422,0.017379514,0.032745799,0.013229796,0.002506266,0.011545257,0.004272978,0.829856407,0.24,25.1,0.94,0.03,0.03,1,0.137589075
Reimerswaal,0.141919731,0.118647948,0.128643369,0.038074165,0.062185259,0.02380589,0.032504197,0.053029147,0.022661376,0.015870594,0.342133374,0.015260186,0.005264764,0.636404293,0.17,24.5,0.87,0.09,0.04,1,0.102120236
Renkum,0.240247886,0.121252882,0.090267102,0.169004612,0.070666795,0.117169485,0.070570715,0.027815142,0.025172944,0.043668332,0.006004996,0.013739431,0.004419677,1.294904459,0.4,28.4,0.85,0.1,0.05,2,0.148864324
Renswoude,0.207430341,0.219504644,0.112383901,0.038390093,0.031888545,0.019195046,0.016408669,0.089783282,0.021981424,0.013931889,0.207430341,0.020743034,0.000928793,0.594911937,0.28,27,0.94,0.04,0.02,1,0.104881396
Reusel-De Mierden,0.259240634,0.201910988,0.139175258,0.094417903,0.144832789,0.045134524,0.034950968,0.004903193,0.041614282,0.01860699,0.001760121,0.013200905,0.000251446,0.707751938,0.31,25.9,0.91,0.06,0.02,1,0.148590022
Rheden,0.207083985,0.10981242,0.125373028,0.142674435,0.112157169,0.10189001,0.07730567,0.026431718,0.027106722,0.040891005,0.004689498,0.013144806,0.011439534,2.169110907,0.3,25.2,0.84,0.09,0.07,2,0.134631687
Rhenen,0.202408671,0.126294661,0.133520674,0.087996788,0.049217182,0.061019671,0.046326776,0.058851867,0.024648735,0.020393416,0.160738659,0.018627057,0.009955841,1.087710352,0.28,26.3,0.89,0.06,0.05,2,0.123488289
Ridderkerk,0.187226201,0.120297615,0.183332174,0.075898755,0.07763716,0.055211738,0.046971699,0.058688547,0.043912106,0.026562826,0.086676865,0.02301648,0.014567833,2.547676723,0.24,25.3,0.82,0.08,0.1,3,0.136165433
Rijnwaarden,0.215007429,0.142347697,0.194502229,0.097325409,0.142347697,0.055423477,0.045913819,0.00936107,0.051560178,0.024219911,0.001783061,0.019316493,0.00089153,0.35174954,0.14,23,0.88,0.09,0.03,1,0.158219683
Rijssen-Holten,0.147158541,0.203543752,0.093477559,0.05117856,0.046375525,0.027768809,0.032692929,0.113981272,0.017920568,0.009404262,0.238093316,0.012229577,0.006175331,1.717820479,0.2,24.7,0.92,0.03,0.05,2,0.106547666
Roerdalen,0.182976395,0.166875098,0.237924027,0.089729561,0.11497577,0.053306237,0.036814132,0.005393153,0.057995936,0.028450836,0.001250586,0.022197905,0.002110364,0.276195075,0.24,25.2,0.83,0.14,0.03,1,0.167826087
Roermond,0.190072714,0.120378358,0.190072714,0.110796155,0.115633473,0.0799544,0.040824501,0.006994084,0.041070988,0.032936899,0.000831895,0.027791472,0.042642347,2.099303136,0.29,23.6,0.71,0.15,0.14,3,0.134187141
Roosendaal,0.238173318,0.127296094,0.181183665,0.095189559,0.107841617,0.090802331,0.038842481,0.008087567,0.036094924,0.022179876,0.001573198,0.016640447,0.036094924,2.445250745,0.24,24.7,0.76,0.11,0.14,3,0.131695243
Rotterdam,0.169171288,0.059619712,0.160858818,0.135278086,0.085026145,0.119128506,0.065368404,0.024154651,0.034336872,0.039987324,0.007361749,0.018231659,0.081476787,3.546490191,0.31,22.9,0.5,0.12,0.38,3,0.099125516
Rozendaal,0.413793103,0.104355717,0.055353902,0.17876588,0.015426497,0.077132486,0.058983666,0.021778584,0.019056261,0.036297641,0.004537205,0.014519056,0,1.253333333,,41.6,0.85,0.1,0.05,2,0.139519359
Rucphen,0.197802198,0.114620479,0.392693399,0.052470708,0.102685394,0.033185358,0.02743614,0.004803144,0.040972273,0.016301579,0.000582199,0.015792155,0.000654974,0.909131603,0.21,24.7,0.91,0.06,0.03,1,0.149429403
Schagen,0.309575258,0.119690729,0.110237018,0.123505976,0.080390303,0.082145992,0.066311027,0.012188534,0.035755284,0.034235938,0.002262138,0.023060301,0.000641502,0.988744589,0.26,25.6,0.89,0.07,0.04,1,0.145281753
Scherpenzeel,0.228267869,0.170476497,0.114616871,0.05408886,0.03477141,0.025434643,0.026883451,0.090309079,0.017546684,0.009980683,0.20621378,0.019800386,0.001609788,1.318556701,0.28,25.6,0.93,0.04,0.03,1,0.10706925
Schiedam,0.172668849,0.079398569,0.202231114,0.102073481,0.097198981,0.08352128,0.058130229,0.017121377,0.043239966,0.033878986,0.005117012,0.021680611,0.083739542,3.635966602,0.19,23.1,0.59,0.12,0.29,3,0.114622678
Schiermonnikoog,0.209090909,0.139393939,0.052525253,0.127272727,0.07979798,0.150505051,0.103030303,0.050505051,0.012121212,0.058585859,0.008080808,0.009090909,0,0,,23.9,0.91,0.07,0.02,1,0.164718385
Schinnen,0.179083758,0.182322999,0.166705229,0.115687182,0.13095789,0.068371124,0.039449329,0.007982416,0.051249422,0.035400278,0.002313744,0.019666821,0.00080981,0.49382716,0.34,26,0.84,0.13,0.03,1,0.155396017
Schouwen-Duiveland,0.247585021,0.134665432,0.126681664,0.07807331,0.080631644,0.051960655,0.054783644,0.046976313,0.031141105,0.031890962,0.094790702,0.020643112,0.000176437,0.552561445,0.22,26.2,0.91,0.07,0.03,1,0.15365023
Simpelveld,0.16013912,0.174504763,0.228338122,0.088008468,0.149856344,0.057916226,0.04536519,0.004082867,0.047784667,0.028126418,0.001058521,0.014365643,0.000453652,0.830812854,0.22,24.1,0.82,0.16,0.02,1,0.151925078
Sint-Michielsgestel,0.264387496,0.155804706,0.131448139,0.130785375,0.122500828,0.072296476,0.045620236,0.007511322,0.028885452,0.023583343,0.000994146,0.015243566,0.000938915,0.758656873,0.3,28.1,0.92,0.05,0.03,1,0.132941506
Sint Anthonis,0.233812492,0.263325277,0.087520672,0.087011831,0.203282025,0.047322224,0.026841369,0.00470678,0.019081542,0.015010813,0.002671416,0.00915914,0.000254421,0.191544435,0.18,26.3,0.94,0.04,0.02,1,0.136967397
Sittard-Geleen,0.156287132,0.150433354,0.211697071,0.107115398,0.131491578,0.079960858,0.042811211,0.006779898,0.047966031,0.03482561,0.000733906,0.019937793,0.009960159,2.047894568,0.25,23.8,0.78,0.15,0.07,2,0.144954404
Sliedrecht,0.159068417,0.131292472,0.131820281,0.059312529,0.080490862,0.043478261,0.047172923,0.108992545,0.028963515,0.021904071,0.158210728,0.015042555,0.014250841,2.423030788,0.21,24.6,0.86,0.05,0.09,2,0.112745882
Slochteren,0.168628699,0.132569732,0.115388694,0.097677378,0.139357302,0.082935624,0.082405345,0.093435147,0.031498568,0.028529006,0.012938806,0.014317531,0.000318167,0.002713704,0.27,25,0.94,0.04,0.02,1,0.140734206
Sluis,0.262401895,0.139271435,0.17066489,0.076410484,0.108174145,0.054938546,0.073745002,0.016955427,0.039389901,0.026876944,0.013845698,0.016881386,0.000444247,0.4306847,0.28,24.9,0.73,0.24,0.03,1,0.159861358
Smallingerland,0.145457151,0.173344798,0.114130123,0.091716824,0.127400401,0.080252221,0.088936658,0.092719977,0.027830324,0.025824018,0.014330754,0.016021783,0.002034967,1.831747172,0.25,23,0.89,0.05,0.05,2,0.122506509
Soest,0.292083929,0.116288576,0.117480755,0.129606921,0.050139655,0.079501328,0.04465563,0.036548811,0.027590435,0.033789768,0.01638395,0.01743988,0.03849036,2.197035745,0.35,28.6,0.79,0.09,0.12,3,0.133430701
Someren,0.279298012,0.19537553,0.159943442,0.089994178,0.114696831,0.043416784,0.03185561,0.005156783,0.046244698,0.016801131,0.00149713,0.014389088,0.001330783,0.892857143,0.2,25.2,0.91,0.07,0.02,1,0.124921202
Son en Breugel,0.298816848,0.161097965,0.107430194,0.139233318,0.08528159,0.071367724,0.042309513,0.011926171,0.035115949,0.02943682,0.001609087,0.015238997,0.001135826,0.838244137,0.35,29.7,0.88,0.08,0.04,1,0.10742211
Stadskanaal,0.119813278,0.172095436,0.163381743,0.063174274,0.168568465,0.051348548,0.075778008,0.096732365,0.038485477,0.017894191,0.014470954,0.017894191,0.000363071,1.062926224,0.17,21.5,0.92,0.05,0.03,1,0.135092397
Staphorst,0.102050326,0.176421249,0.08443616,0.028797763,0.026095061,0.019757689,0.020689655,0.165051258,0.012674744,0.010344828,0.341006524,0.012674744,0,0.386458957,0.18,24.5,0.96,0.02,0.02,1,0.09789707
Stede Broec,0.256930204,0.138907876,0.151742994,0.108832688,0.103364472,0.066985646,0.053846738,0.013290803,0.047391205,0.029087871,0.003949267,0.021796917,0.00387332,1.845083488,0.19,24.6,0.88,0.08,0.05,2,0.135579065
Steenbergen,0.250871323,0.12756169,0.231562805,0.081137599,0.11062317,0.047818207,0.037013802,0.015126168,0.042311446,0.022166458,0.012756169,0.020144988,0.000906176,0.95494368,0.22,24.8,0.86,0.1,0.03,1,0.137004589
Steenwijkerland,0.21139778,0.194161938,0.123291582,0.089355173,0.093494629,0.058095136,0.072369125,0.069871177,0.032616065,0.023302287,0.012454056,0.014880634,0.004710416,0.740450989,0.22,23.6,0.92,0.04,0.04,1,0.135886577
Stichtse Vecht,0.283188654,0.117104781,0.129502384,0.138770021,0.057782125,0.079789705,0.051742267,0.032791295,0.031495293,0.030663895,0.020198068,0.01816848,0.008803032,1.750349108,0.34,29.4,0.82,0.09,0.09,2,0.135608999
Strijen,0.245676501,0.148185826,0.163106138,0.083418108,0.072058325,0.050186504,0.053407935,0.051881994,0.031875212,0.031366565,0.038487623,0.030179722,0.000169549,0.718678815,0.22,27.2,0.92,0.05,0.03,1,0.142857143
Ten Boer,0.110856428,0.177536987,0.082308814,0.086684726,0.133986247,0.109814545,0.085226089,0.123984163,0.0268806,0.030214628,0.020004168,0.012294228,0.000208377,0.528120713,0.27,24.7,0.93,0.04,0.03,1,0.137486279
Terneuzen,0.185646501,0.139844471,0.176321339,0.082147094,0.110353236,0.05779623,0.056774746,0.047680243,0.044681692,0.023329379,0.041419533,0.016870963,0.017134572,1.119985345,0.2,24.5,0.74,0.18,0.07,2,0.142265699
Terschelling,0.276164384,0.115890411,0.094520548,0.123287671,0.067671233,0.091780822,0.119178082,0.021369863,0.026849315,0.039452055,0.002465753,0.02109589,0.000273973,0,0.23,25.9,0.93,0.05,0.02,1,0.140563902
Texel,0.275580921,0.133509988,0.098145128,0.116591928,0.082144313,0.102221769,0.079086832,0.021402364,0.027619242,0.038014676,0.007337954,0.018242968,0.000101916,0.782865583,0.28,24.3,0.9,0.07,0.03,1,0.160354374
Teylingen,0.325587378,0.137969474,0.103498542,0.149245412,0.052263763,0.076702109,0.042316927,0.021951638,0.032112845,0.027696793,0.003987309,0.022509004,0.004158806,2.303878116,0.33,29.8,0.85,0.09,0.06,2,0.115424043
Tholen,0.154791929,0.119924338,0.156052963,0.044892812,0.080832282,0.030958386,0.039092055,0.064249685,0.026418663,0.017465322,0.245712484,0.016267339,0.00334174,0.556991774,0.16,24,0.91,0.05,0.03,1,0.115798958
Tiel,0.229297234,0.096891451,0.174605164,0.103576502,0.087365254,0.082811064,0.061335339,0.021266817,0.037728754,0.028453246,0.008398095,0.022979861,0.045291218,2.075421687,0.21,24.3,0.75,0.09,0.16,3,0.119166988
Tilburg,0.203531786,0.093962328,0.138496468,0.150546586,0.115691221,0.121560713,0.048150017,0.008417423,0.032988564,0.035620585,0.001471578,0.016170535,0.033392196,3.066180253,0.31,23.4,0.74,0.11,0.16,3,0.108150456
Tubbergen,0.235491887,0.420187107,0.116868879,0.071115334,0.05467037,0.027335185,0.022949861,0.005481655,0.020830288,0.008697559,0.002777372,0.013521415,7.31E-05,0.210302457,0.23,25.5,0.95,0.03,0.01,1,0.12324493
Twenterand,0.142247374,0.297347849,0.157642319,0.051076687,0.096781929,0.028248046,0.034147043,0.096062539,0.027480696,0.010263297,0.046856266,0.011606158,0.000239797,0.663220089,0.2,22.9,0.95,0.03,0.02,1,0.120224553
Tynaarlo,0.238995702,0.113503732,0.079665234,0.153856594,0.084189097,0.112418005,0.09866546,0.044605293,0.025921737,0.031757521,0.003166704,0.012847772,0.000407148,0.557692308,0.35,27.7,0.92,0.05,0.03,1,0.140174279
Tytsjerksteradiel,0.151222369,0.248816669,0.108134485,0.088225248,0.10393793,0.074464451,0.078612209,0.065876153,0.027180013,0.024935344,0.011418533,0.016932611,0.000243986,0.468710889,0.25,23.9,0.94,0.03,0.03,1,0.138785471
Uden,0.255605031,0.15725334,0.129052418,0.117959534,0.146707288,0.064213733,0.040192172,0.00566362,0.029138349,0.023162253,0.000859308,0.016209671,0.013983283,1.930642823,0.28,25.5,0.84,0.09,0.08,2,0.131355113
Uitgeest,0.308452624,0.111338332,0.097932288,0.143944558,0.078164054,0.092592593,0.064530788,0.011474665,0.030674847,0.033628721,0.001817769,0.023858214,0.001590548,1.723830735,0.26,27.8,0.88,0.07,0.05,2,0.116747122
Uithoorn,0.320873323,0.102261885,0.128304428,0.129090195,0.06084077,0.076780603,0.054610765,0.01627659,0.040915979,0.033226694,0.003311444,0.022113712,0.011393613,2.182876712,0.32,27.5,0.76,0.12,0.12,3,0.107051128
Urk,0.017988693,0.143909543,0.111701216,0.004968306,0.006681514,0.002484153,0.001627548,0.117868768,0.004711324,0.00188453,0.568357033,0.017046428,0.000770944,1.704253215,0.17,24,0.97,0.01,0.02,1,0.066963403
Utrecht (gemeente),0.172104333,0.05555013,0.074006621,0.2267707,0.048802281,0.205526205,0.058738514,0.026786325,0.01441364,0.046297472,0.003276271,0.011864887,0.055862621,3.478807136,0.53,26.3,0.66,0.11,0.22,3,0.070878445
Utrechtse Heuvelrug,0.270258594,0.124205394,0.091834845,0.144078257,0.05147195,0.096772203,0.052613714,0.041257792,0.024439919,0.036505585,0.040023452,0.017126458,0.009411837,1.115212072,0.39,30.2,0.85,0.08,0.07,2,0.130315081
Vaals,0.168495804,0.153001937,0.212825479,0.080912417,0.142457499,0.067785668,0.055304498,0.006455778,0.052076609,0.037443512,0.00086077,0.02151926,0.00086077,1.461380021,0.21,22.2,0.5,0.45,0.05,2,0.164366632
Valkenburg aan de Geul,0.208318198,0.167362877,0.182709771,0.112876862,0.104976389,0.069197239,0.040682891,0.007809662,0.048401744,0.032328369,0.00108972,0.022974936,0.00127134,0.71107056,0.26,25.3,0.86,0.11,0.03,1,0.157907543
Valkenswaard,0.247759218,0.149062946,0.162354858,0.104451008,0.129608882,0.062487268,0.044968425,0.009523325,0.046343451,0.023630067,0.001171318,0.017671624,0.000967611,2.105832241,0.21,25.3,0.86,0.09,0.04,1,0.142286014
Veendam,0.141472983,0.101171016,0.168281519,0.092789633,0.193306782,0.070320395,0.094572906,0.030256197,0.039529216,0.02567913,0.004042085,0.019913214,0.018664923,1.479476934,0.22,22.2,0.88,0.05,0.07,2,0.139935336
Veenendaal,0.186410628,0.14538281,0.117090346,0.074564251,0.060280677,0.051915297,0.031788443,0.13779154,0.024446886,0.014783,0.104929331,0.016031564,0.034585227,2.952240199,0.28,24.8,0.82,0.06,0.12,3,0.115780139
Veere,0.228519928,0.170972695,0.078309633,0.079978637,0.06121904,0.054142466,0.052807264,0.058281594,0.024033647,0.028373056,0.145470325,0.017624675,0.000267041,0.250684932,0.22,26.7,0.91,0.06,0.02,1,0.160730594
Veldhoven,0.253700169,0.139292016,0.145197883,0.122654759,0.13313407,0.068889769,0.04227736,0.012315892,0.038316108,0.024919875,0.001764558,0.015736973,0.001800569,2.489604292,0.34,27,0.84,0.1,0.06,2,0.129930239
Velsen,0.24383313,0.089237529,0.165890584,0.129808726,0.082312487,0.080927478,0.06196719,0.0237123,0.042815866,0.036702725,0.002913294,0.025694295,0.014184397,2.749778172,0.25,25.8,0.82,0.09,0.09,2,0.122524734
Venlo,0.195927151,0.12888609,0.204202313,0.101068948,0.122535384,0.072394549,0.039976207,0.005773369,0.04700922,0.025472804,0.001189664,0.021693871,0.033870432,2.316612249,0.23,23.3,0.73,0.16,0.12,3,0.135574268
Venray,0.222145594,0.18164751,0.128659004,0.112796935,0.163409962,0.060651341,0.039655172,0.006704981,0.031915709,0.01651341,0.001724138,0.014789272,0.019386973,1.412993572,0.25,24.7,0.8,0.11,0.09,2,0.133088488
Vianen,0.233054631,0.13523825,0.158616771,0.110398571,0.073707281,0.070622615,0.059826285,0.031658414,0.035230132,0.028654923,0.02889845,0.01737154,0.016722137,1.289553753,0.27,26.5,0.84,0.06,0.1,3,0.130212032
Vlaardingen,0.190300275,0.099010135,0.186345553,0.097684001,0.096073695,0.073576774,0.058918253,0.028251397,0.040991759,0.032632377,0.015605759,0.022994222,0.0576158,3.570833333,0.22,23.6,0.71,0.09,0.2,3,0.125585078
Vlagtwedde,0.150251762,0.160221551,0.190030211,0.066666667,0.166163142,0.056696878,0.075830816,0.032426989,0.04551863,0.031117825,0.00835851,0.016515609,0.00020141,0.296040226,0.22,22,0.91,0.05,0.04,1,0.156839326
Vlieland,0.297423888,0.079625293,0.084309133,0.162763466,0.071428571,0.110070258,0.073770492,0.024590164,0.035128806,0.040983607,0.010538642,0.009367681,0,0,,24.8,0.89,0.09,0.02,1,0.114285714
Vlissingen,0.185710369,0.10560539,0.158603941,0.098946296,0.123741627,0.083552039,0.066590936,0.032551216,0.047279564,0.039288652,0.019859767,0.022758432,0.015511771,2.795541545,0.19,23.1,0.75,0.14,0.11,3,0.139185476
Voerendaal,0.193904175,0.174691651,0.169354839,0.119425996,0.132234345,0.063211575,0.04601518,0.00711575,0.046845351,0.029055977,0.000592979,0.015773245,0.001778937,0.498797113,0.33,26.8,0.86,0.11,0.03,1,0.161531054
Voorschoten,0.301825333,0.116096122,0.098580296,0.167783173,0.051932887,0.093294819,0.061397579,0.023477352,0.020834614,0.035277488,0.00319587,0.019851269,0.006453199,2.651916239,0.37,30.9,0.79,0.13,0.09,2,0.130357496
Voorst,0.274111034,0.186951304,0.09120192,0.125939493,0.088043959,0.060190741,0.063348702,0.019768837,0.034358618,0.020147793,0.019010927,0.013263437,0.003663235,0.716646014,0.27,26.3,0.92,0.05,0.03,1,0.148642506
Vught,0.295513089,0.111543761,0.094470736,0.164799617,0.104774456,0.093632061,0.054693584,0.009105613,0.025579584,0.029173905,0.001617444,0.01365842,0.001437728,1.935828877,0.4,29.9,0.87,0.09,0.04,1,0.129091395
Waalre,0.29639386,0.136524662,0.105822509,0.150331547,0.090017259,0.074666182,0.044509038,0.013443546,0.033972205,0.033336361,0.001998365,0.018166954,0.000817513,1.05443787,0.36,31.3,0.85,0.1,0.05,2,0.1294236
Waalwijk,0.251786346,0.132649452,0.16137248,0.0951185,0.112486735,0.059780686,0.036858861,0.026105412,0.041209763,0.02341705,0.020304209,0.017262115,0.021648391,1.82071293,0.24,24.9,0.83,0.09,0.08,2,0.131638895
Waddinxveen,0.219773115,0.13630753,0.125080821,0.094809851,0.055898431,0.057544231,0.044377829,0.093340387,0.03273967,0.020748839,0.083877035,0.017868689,0.017633574,2.278070836,0.27,26.7,0.84,0.07,0.08,2,0.133064516
Wageningen,0.138486588,0.079398406,0.060759277,0.235024424,0.071899906,0.203959208,0.076056217,0.048161796,0.016196761,0.044562516,0.009983718,0.011569115,0.003942069,2.716328653,0.45,25.3,0.74,0.14,0.12,3,0.096130844
Wassenaar,0.421673105,0.122752098,0.116491275,0.112828027,0.033835087,0.049420541,0.033302251,0.014319968,0.023911016,0.031570534,0.004662315,0.03283602,0.002397762,2.074856046,0.39,39.3,0.67,0.22,0.11,3,0.128228747
Waterland,0.25945396,0.143208411,0.117941326,0.125826692,0.063252501,0.096320163,0.076649144,0.017975242,0.030608784,0.037985416,0.003476344,0.025945396,0.001356622,0.87854251,0.28,29.6,0.88,0.07,0.05,2,0.151359167
Weert,0.219454251,0.148249579,0.17801168,0.111822351,0.120467219,0.058237371,0.037450094,0.006863101,0.047909724,0.022800013,0.001121853,0.02336094,0.024251823,1.798104074,0.24,24.8,0.79,0.11,0.1,3,0.13406221
Weesp,0.235202357,0.096975474,0.104948436,0.159112575,0.071669989,0.12193431,0.069503423,0.015165959,0.039778144,0.038911517,0.004159806,0.015252622,0.027385389,2.562966916,0.34,26.9,0.74,0.11,0.15,3,0.126233268
Werkendam,0.199524376,0.185255648,0.156302021,0.058680143,0.072294887,0.036563615,0.034244946,0.073840666,0.026218787,0.016646849,0.124435196,0.015338882,0.000653983,0.744878957,0.18,26.5,0.94,0.04,0.03,1,0.127589033
West Maas en Waal,0.285036584,0.152207124,0.155262523,0.093109271,0.138136206,0.053951918,0.039800595,0.005547962,0.037468843,0.021870226,0.001447294,0.015759428,0.000402026,0.292087095,0.25,25.6,0.93,0.05,0.02,1,0.142082891
Westerveld,0.256378537,0.137235194,0.097958868,0.104221432,0.094093088,0.084505953,0.096799134,0.029147982,0.037343436,0.040049482,0.006185248,0.015927014,0.000154631,0,0.24,25.6,0.94,0.04,0.02,1,0.161182142
Westervoort,0.194741253,0.125916614,0.155457783,0.12424052,0.133563796,0.084119003,0.063482087,0.021370207,0.039597737,0.031217264,0.002095118,0.016865703,0.007332914,1.847898599,0.23,24.3,0.83,0.09,0.08,2,0.150090054
Westland,0.330329694,0.188578092,0.167633384,0.07747876,0.037558117,0.039738911,0.028259454,0.029092396,0.026093804,0.020429798,0.015886478,0.031091457,0.007829656,2.119390267,0.24,26.3,0.86,0.08,0.06,2,0.119670176
Weststellingwerf,0.202720167,0.16419472,0.146716721,0.089420887,0.124438427,0.076743184,0.080066466,0.026155456,0.037171518,0.028247892,0.005108007,0.016370238,0.002646317,0.830210773,0.15,23,0.92,0.04,0.04,1,0.138901906
Westvoorne,0.353039134,0.114383847,0.165591174,0.098355537,0.054017485,0.040487094,0.051727727,0.01550791,0.036740216,0.035179017,0.005099917,0.029142381,0.00072856,0.732117812,0.26,31.8,0.89,0.07,0.04,1,0.155642842
Wierden,0.230372282,0.298132449,0.111070156,0.075070647,0.058053815,0.036859565,0.031207765,0.077650817,0.018798378,0.009706352,0.038702543,0.013269443,0.001105787,0.943045811,0.29,26.4,0.93,0.05,0.02,1,0.128173375
Wijchen,0.256569426,0.136796405,0.143575291,0.12719933,0.126247239,0.072054231,0.050917816,0.008987737,0.033932516,0.024297357,0.001332927,0.013710107,0.004379618,1.726272016,0.31,25.8,0.88,0.07,0.05,2,0.134430962
Wijdemeren,0.344272803,0.130953144,0.106403436,0.128517403,0.052047946,0.067367476,0.049291712,0.024036921,0.030382668,0.033715787,0.008525095,0.022883149,0.001602461,0.733049041,0.27,30.1,0.87,0.09,0.04,1,0.143173967
Wijk bij Duurstede,0.263411145,0.128942064,0.133623773,0.119513622,0.081734833,0.086871708,0.052864295,0.031081345,0.02542428,0.027309968,0.025359256,0.019442096,0.004421614,1.637446809,0.28,27.9,0.88,0.06,0.05,2,0.147136414
Winsum,0.120954194,0.176839512,0.065516855,0.097995296,0.11916228,0.126329936,0.11020271,0.096427371,0.023294882,0.038974129,0.011983425,0.012319409,0,0.444852941,0.31,24.2,0.93,0.05,0.03,1,0.152177111
Winterswijk,0.231195303,0.157028913,0.094549684,0.126232414,0.119641077,0.087072117,0.082087072,0.020106348,0.034230641,0.020438684,0.003544921,0.015287471,0.008585355,1.774204703,0.2,23.5,0.85,0.09,0.06,2,0.138385445
Woensdrecht,0.255734582,0.142074768,0.216287007,0.083578062,0.117549012,0.047543456,0.038098262,0.008413366,0.04317803,0.024525756,0.001587428,0.019128502,0.00230177,0.986721612,0.19,25.5,0.78,0.19,0.03,1,0.139762788
Woerden,0.256828943,0.15709603,0.100522035,0.127594998,0.05141435,0.078821173,0.052203472,0.059062766,0.023279106,0.024918053,0.03757436,0.017208935,0.01347578,1.839642788,0.33,28.4,0.86,0.07,0.08,2,0.119523227
Wormerland,0.258640553,0.099270353,0.120487711,0.112519201,0.100422427,0.105702765,0.073252688,0.01968126,0.040610599,0.037058372,0.004128264,0.02265745,0.005568356,2.024652339,0.27,26.7,0.87,0.07,0.06,2,0.128571429
Woudenberg,0.214532872,0.158551656,0.094537815,0.070316362,0.042387543,0.040039545,0.036579338,0.090954029,0.021131982,0.016806723,0.199209095,0.012975779,0.001977261,1.327817179,0.31,27.2,0.91,0.05,0.05,2,0.112510826
Woudrichem,0.200922335,0.209831255,0.127974007,0.060999895,0.074310869,0.041295462,0.037417461,0.139503197,0.023792055,0.01928519,0.047688921,0.016874541,0.000104811,0.225584594,0.25,26.8,0.93,0.04,0.02,1,0.133846895
Zaanstad,0.197360963,0.07379781,0.149500079,0.117657061,0.105516131,0.104450541,0.072414809,0.018999252,0.042056816,0.042011472,0.004114993,0.02067699,0.051443082,2.730088496,0.25,24.3,0.7,0.1,0.2,3,0.114309697
Zaltbommel,0.204357758,0.129619868,0.114625432,0.089322322,0.069642125,0.057049142,0.045451883,0.07180929,0.023370234,0.020968781,0.147601476,0.016810168,0.009371522,0.789397764,0.26,26.5,0.88,0.06,0.06,2,0.117895268
Zandvoort,0.325405,0.076318007,0.165652215,0.110403596,0.060960764,0.066766551,0.056559603,0.006742204,0.042513344,0.048412773,0.001310984,0.035396573,0.003558386,2.684428656,0.26,26.3,0.79,0.14,0.08,2,0.153381857
Zederik,0.187812296,0.210406257,0.103953943,0.054964154,0.048446665,0.034759939,0.044862046,0.119052792,0.018792092,0.015098849,0.152074734,0.009558983,0.00021725,0.053429603,0.22,27.1,0.95,0.03,0.02,1,0.119419159
Zeewolde,0.282486306,0.146226415,0.132608034,0.098904443,0.059875228,0.057821059,0.032790627,0.088101035,0.027769324,0.027693244,0.017194157,0.024802191,0.003727937,1.298753339,0.25,25.6,0.82,0.12,0.06,2,0.090528566
Zeist,0.25563714,0.097719106,0.097719106,0.155262199,0.056084987,0.117065042,0.05756913,0.038327345,0.022392335,0.041477894,0.018903296,0.015778785,0.026063636,2.361553151,0.44,29.5,0.77,0.1,0.14,3,0.121677543
Zevenaar,0.236381881,0.155867737,0.132740826,0.118836009,0.120747324,0.072199924,0.061448777,0.009986621,0.039946483,0.026901758,0.001242355,0.014812691,0.008887615,1.751080914,0.25,24.2,0.85,0.1,0.05,2,0.150838506
Zoetermeer,0.236644609,0.099849365,0.165039273,0.123735743,0.07878739,0.083508177,0.059500753,0.028082634,0.040953841,0.034982247,0.010934474,0.025500323,0.012481171,3.288530897,0.3,26,0.69,0.11,0.2,3,0.135825525
Zoeterwoude,0.262633581,0.171345771,0.11103061,0.138742981,0.059590654,0.084586126,0.050353197,0.017569281,0.034232929,0.034595182,0.007969571,0.023365332,0.003984785,1.054958184,0.3,28.8,0.88,0.06,0.05,2,0.131827417
Zuidhorn,0.13987034,0.188168558,0.066693679,0.106645057,0.097487844,0.100162075,0.073095624,0.152917342,0.017828201,0.024635332,0.021555916,0.010534846,0.000405186,0.356839873,0.35,25.3,0.93,0.04,0.03,1,0.126464818
Zuidplas,0.263965367,0.122811681,0.131052292,0.09714047,0.062659021,0.057076672,0.04389929,0.064216003,0.025823112,0.025899062,0.073443968,0.022633198,0.009379866,1.83506149,0.27,28.5,0.85,0.08,0.08,2,0.129593904
Zundert,0.290140191,0.183099682,0.171171869,0.084424134,0.103555108,0.049802494,0.031910774,0.005421733,0.03624816,0.02160948,0.002013787,0.017504454,0.003098133,0.602493075,0.19,25.6,0.84,0.13,0.03,1,0.137461329
Zutphen,0.167803133,0.094484202,0.099378882,0.139650284,0.126924116,0.135194437,0.084964893,0.030718336,0.028996759,0.057014583,0.003679449,0.012523629,0.018667297,2.293409379,0.33,23.6,0.83,0.09,0.09,2,0.140409801
Zwartewaterland,0.127828135,0.195703376,0.097280708,0.042038398,0.055599172,0.026764685,0.036471344,0.166583399,0.018414103,0.010349011,0.210691599,0.012061951,0.000214117,0.904078888,0.2,24.9,0.95,0.03,0.02,1,0.11390022
Zwijndrecht,0.201241036,0.127001821,0.172035819,0.083379779,0.088247315,0.05948798,0.04834095,0.058819158,0.04042656,0.027161595,0.045368409,0.020510534,0.027979044,2.977262494,0.23,25.2,0.79,0.08,0.13,3,0.12767634
Zwolle,0.177457792,0.11423672,0.080432233,0.150197329,0.087846272,0.118195917,0.071870784,0.105082651,0.023919101,0.034384496,0.01006191,0.014134587,0.012180207,2.710951812,0.4,24.9,0.84,0.07,0.1,3,0.100821996
